jurisdiction,official_inventory_or_seed,coverage,discovery_count,source_quality,automation_notes
Commonwealth,https://www.aph.gov.au/About_Parliament/Parliamentary_Departments/Parliamentary_Library/Browse_by_Topic/law/royalcommissions,"All Australian Government Royal Commissions and Commissions of Inquiry from 1902",142,High,"Canonical list; post-January-2015 reports are centralised at royalcommission.gov.au; responses remain distributed"
New South Wales,https://www.nsw.gov.au/nsw-government/recordkeeping/records-retention-and-disposal-authorities/commissions-of-inquiry-records-ga31,"Official recordkeeping scope but no complete public commission index located",162,Low-to-medium,"Use discovery list then verify against State Archives catalogue, gazettes, legislation and agency pages"
Queensland,https://www.archivessearch.qld.gov.au/,"Searchable archive records but no complete public commission index located",34,Low-to-medium,"Search-driven discovery; modern inquiry sites and government responses are distributed"
South Australia,https://www.archives.sa.gov.au/managing-information/Information-management/royal-commissions-and-commissions-of-inquiry,"Official guidance and archival catalogue; no complete list on the guidance page",171,Medium,"Strong agency-level catalogue records; reports and responses need separate discovery"
Tasmania,https://libraries.tas.gov.au/,"Archive and library discovery; no complete official public commission index located",12,Low,"Discovery list is visibly incomplete; include commission-of-inquiry sites and parliamentary papers"
Victoria,https://prov.vic.gov.au/explore-collection/explore-topic/justice-crime-and-law/royal-commissions-and-boards-inquiry,"Official archival discovery guide and catalogue",74,Medium-to-high,"Good historical metadata; recent response and monitor sites are separate"
Western Australia,https://www.parliament.wa.gov.au/WebCMS/webcms.nsf/content/parliamentary-library-royal-commissions,"Parliamentary Library list drawing on State Records and tabled papers",87,High,"Best state master list found; links often lead directly to reports"
Australian Capital Territory,https://www.act.gov.au/childabuseroyalcommission,"No standalone historical master list located",0,Low,"Model the ACT primarily as a responding jurisdiction on national or joint commissions; separately inventory territory inquiries if product scope expands"
Northern Territory,https://www.royalcommission.gov.au/child-detention,"No standalone historical master list located",0,Low-to-medium,"Model joint Commonwealth–NT commissions once, with two appointing/responding governments; separately inventory Boards and commissions of inquiry if scope expands"
