source_id,label,state,verdict,department,the_words_that_point_elsewhere,the_sentence_they_are_in,recommendation,government_words,url
1102,7,noted,,Joint Standing Committee on the National Disability Insurance Scheme (NDIS),the responsibility of states and territories,Applied Principle 8 outlines housing and community infrastructure responsibilities with homelessness related services primarily the responsibility of states and territories,The committee recommends that the National Disability Insurance Agency develop a strategy to engage with people with disability who are homeless and to work with this cohort or participants once their access requests have been approved. Previous,"Noted ‘All governments have agreed to the “Principles to determine the responsibilities of the NDIS and other service systems”, including Applies Principles and Tables of Support (Applied Principle). Applied Principle 8 outlines housing and community infrastructure responsibilities with homelessness related services primarily the responsibility of states and territories. This includes homelessness",https://www.aph.gov.au/Parliamentary_Business/Tabled_Documents/1102
1102,8,noted,,Joint Standing Committee on the National Disability Insurance Scheme (NDIS),the responsibility of state and territory,"Noted ‘The Government notes the recommendation to implement homelessness Liaison Officers for the NDIS, but recognises that homelessness services remain the responsibility of state and territory governments",The committee recommends that the National Disability Insurance Agency introduce Liaison Officers to work with homelessness organisations and related services to facilitate improved National Disability Insurance Scheme (NDIS) access and planning for people with disability who are homeless and eligib,"Noted ‘The Government notes the recommendation to implement homelessness Liaison Officers for the NDIS, but recognises that homelessness services remain the responsibility of state and territory governments. The NDIA currently has a network of Health and Justice Liaison Officers [JLOs] who support both participants and mainstream systems to understand and connect to the NDIS, including participant",https://www.aph.gov.au/Parliamentary_Business/Tabled_Documents/1102
12529,9,position,in part or in principle,"House Standing Committee on Health, Aged Care and Sport",a matter for the states and territory,Decisions on procurement and establishment of product databases are a matter for the states and territory gover,"The Committee recommends that the Australian Government should mandate consistent labelling for all products containing chlorhexidine, iodine and latex to ensure consumers and healthcare workers can readily identify these products. In addition: • alternatives for chlorhexidine, iodine and latex shou","Partially supported Chlorhexidine and iodine must already be clearly identified on medicine labels as they are active pharmaceutical ingredients. Similarly, when present in medical devices, chlorhexidine and iodine are identified on labelling or packaging. In addition, certain substances that are allergens or present health risks to some consumers must by law be declared on medicine labels. While ",https://www.aph.gov.au/Parliamentary_Business/Tabled_Documents/12529
12659,57,position,in part or in principle,House of Representatives Standing Committee on Social Policy and Legal Affairs,the responsibility of states and territories,"Advertising in outdoor settings, including train stations, stadiums, and billboards, is the responsibility of states and territories",The Committee recommends that the Australian Government support national research and awareness raising campaigns into sexist advertising and the negative effects of unequal gender representation,"Supported in principle Advertising regulation in Australia is intended to strike a balance between legitimate commercial interests and appropriate community safeguards. The Australian Government has responsibility for broadcasting and online services. Advertising in outdoor settings, including train stations, stadiums, and billboards, is the responsibility of states and territories. Most content b",https://www.aph.gov.au/Parliamentary_Business/Tabled_Documents/12659
12659,84,noted,,House of Representatives Standing Committee on Social Policy and Legal Affairs,the primary responsibility of state and territory,Noted Policing responses to FDSV are the primary responsibility of state and territory governments,The Committee recommends that the Australian Government work with the states and territories to adopt a variant of the United Kingdom’s ‘Silent Solution’ for silent calls for police assistance,"Noted Policing responses to FDSV are the primary responsibility of state and territory governments. The Government will work with state and territory governments to consider the merits of best practice models for police assistance in a domestic context, including the United Kingdom’s silent calls for police assistance",https://www.aph.gov.au/Parliamentary_Business/Tabled_Documents/12659
12659,85,noted,,House of Representatives Standing Committee on Social Policy and Legal Affairs,the responsibility of state and territory,Noted Criminal penalties for breaches of apprehended or domestic violence orders is the responsibility of state and territory governments,"The Committee recommends that the states and territories increase criminal penalties for breaches of apprehended or domestic violence orders, and ensure that the judiciary receives further training about the importance of security to victim-survivors of family, domestic and sexual violence and their","Noted Criminal penalties for breaches of apprehended or domestic violence orders is the responsibility of state and territory governments. The Government will work with state and territory governments through appropriate national fora, such as SCAG, to consider the appropriateness of existing criminal penalties for breaches of apprehended or domestic violence orders issued within their jurisdictio",https://www.aph.gov.au/Parliamentary_Business/Tabled_Documents/12659
14009,14,noted,,"Infrastructure, Transport, Regional Development, Communications, Sport and the Arts portfolio",a matter for state and territory,"The Government acknowledges that the actions of this recommendation are a matter for state and territory regulation and police enforcement services in the context of health, safety and event legislation in each state and territory and common law",The Committee recommends state and territory governments consider a reduction or abolition of user-pays policing charges at music festivals,"The Government notes this recommendation. The Government acknowledges that the actions of this recommendation are a matter for state and territory regulation and police enforcement services in the context of health, safety and event legislation in each state and territory and common law",https://www.aph.gov.au/Parliamentary_Business/Tabled_Documents/14009
14009,15,noted,,"Infrastructure, Transport, Regional Development, Communications, Sport and the Arts portfolio",a matter for state and territory,"The Government acknowledges that the actions of this recommendation are a matter for state and territory regulation and police enforcement services in the context of health, safety and event legislation in each state and territory and common law",The Committee recommends state and territory governments re-evaluate the need for large police presences at live music events and the use of sniffer dogs and strip-searches,"The Government notes this recommendation. The Government acknowledges that the actions of this recommendation are a matter for state and territory regulation and police enforcement services in the context of health, safety and event legislation in each state and territory and common law",https://www.aph.gov.au/Parliamentary_Business/Tabled_Documents/14009
14009,18,noted,,"Infrastructure, Transport, Regional Development, Communications, Sport and the Arts portfolio","is a matter for state, territory","The Government considers this recommendation is a matter for state, territory and local governments","The Committee recommends state, territory and local governments support the development of dedicated and permanent outdoor live music spaces (such as sound shells and associated equipment and infrastructure) to reduce the marginal cost of staging events for presenters. 4.51 The Committee recommends ","The Government notes this recommendation. The Government considers this recommendation is a matter for state, territory and local governments. The policy and regulatory settings of local infrastructure projects fall with the jurisdictions who also hold responsibility over budget priorities",https://www.aph.gov.au/Parliamentary_Business/Tabled_Documents/14009
14009,7,noted,,"Infrastructure, Transport, Regional Development, Communications, Sport and the Arts portfolio",is a matter for state and territory,"As each state and territory may address the topic of a rebate or voucher scheme differently based on the specific needs of their own jurisdictions and budget priorities, the Government considers this recommendation is a matter for state and territory governments",The Committee recommends the Australian Government assess the viability of a rebate or voucher scheme to incentivise younger audiences to attend live music. 4.32 This may include offering event presenters a rebate to compensate them for income foregone by offering discounted tickets to young audienc,"The Government notes this recommendation. The arts and cultural sectors have been advocating for a culture pass or voucher system to incentivise young people to attend live music and stimulate the industry through increased attendance. Evidence shows that the pandemic impacted audience confidence in attending live events and ticket-buying behaviour, in particular by young people. As each state and",https://www.aph.gov.au/Parliamentary_Business/Tabled_Documents/14009
15205,21,position,accepted,Department of Social Services,the responsibility of state and territory,"Any response to the High Court of Australia’s decision in GLJ v the Trustees of the Roman Catholic Church for the Diocese of Lismore (2023) 414 ALR 635 (GLJ), is the responsibility of state and territory governments who are responsible for respective civil liability legislation",1.118The Committee recommends that the Commonwealth encourages state and territory governments to codify in legislation the basis on which the courts may grant permanent stays. 1.119This should be consistent with the High Court’s ruling in the GLJ case,"The Australian Government agrees to this recommendation. In response to the Royal Commission into Institutional Responses to Child Sexual Abuse, all states and territories removed statutes of limitation for historic child sexual abuse matters to ensure access to justice for survivors. Any response to the High Court of Australia’s decision in GLJ v the Trustees of the Roman Catholic Church for the ",https://www.aph.gov.au/Parliamentary_Business/Tabled_Documents/15205
15837,7,noted,,,primarily a matter for the South Australian,This is primarily a matter for the South Australian Government,The committee recommends that the Australian Government and South Australian Government evaluate the current investment towards community resilience programs and mental health support services and explore continued or further investment as required for communities impacted by the toxic algal bloom,"The Australian Government notes this recommendation. This is primarily a matter for the South Australian Government. Through the Health, Disability and Ageing portfolio, the Australian Government is investing an estimated $8 billion in 2025-26 in mental health and suicide prevention. This investment will deliver critical mental health services and expand the range and reach of free mental health s",https://www.aph.gov.au/Parliamentary_Business/Tabled_Documents/15837
15837,8,noted,,,is a matter for the South Australian,This recommendation is a matter for the South Australian Government,"The committee recommends that the South Australian Government provides timely, clear and scientifically informed public health advice",The Australian Government notes this recommendation. This recommendation is a matter for the South Australian Government,https://www.aph.gov.au/Parliamentary_Business/Tabled_Documents/15837
15844,18,position,accepted,Australian Trade and Investment Commission (Austrade),the responsibility of states and territories,We note that STO board appointments are ultimately the responsibility of states and territories,"The Committee recommends the Australian Government works with State and Regional Tourism Organisations to promote the inclusion of people with a disability in the tourism sector, including through inclusion on national and state tourism organisation boards","The Government agrees with this Recommendation. The Australian Government will actively work towards increasing the representation of people with disability in the tourism sector, including organisation boards in line with our commitment under Australia’s Disability Strategy 2021-2031. We note that STO board appointments are ultimately the responsibility of states and territories. The Government s",https://www.aph.gov.au/Parliamentary_Business/Tabled_Documents/15844
17098,3,position,in part or in principle,Attorney-General's Department,the responsibility of state and territory,3 Legislation governing firearms use and possession is the responsibility of state and territory governments,"The Committee recommends that the Australian Government, in implementing the provisions contained in Schedule 4 of the Exposure Draft legislation, including negotiations with States and Territories around the national gun buyback, ensure: • the avoidance of duplication, inconsistency and unintended ","The Australian Government agrees-in-principle to the recommendation. The Department of Home Affairs will provide clear guidance to importers and individuals impacted by changes to the Customs (Prohibited Imports) Regulations 1956 made by the Combatting Antisemitism, Hate and Extremism (Firearms and Customs Laws) Act 2026. 3 Legislation governing firearms use and possession is the responsibility of",https://www.aph.gov.au/Parliamentary_Business/Tabled_Documents/17098
4165,10,noted,,Senate Environment and Communications References Committee,the responsibility of state and territory,"Noted It is the responsibility of state and territory governments to manage the risk to humans from sharks and engage with stakeholder groups, including research bodies and surf lifesaving organisations to implement research, development, and testing of shark mitigation and deterrent measures","The committee recommends that the Minister for the Environment and Energy and relevant state governments work with key stakeholder groups, such as national surfing organisations, to encourage water users to take all reasonable steps to reduce the probability of being involved in a shark bite inciden","Noted It is the responsibility of state and territory governments to manage the risk to humans from sharks and engage with stakeholder groups, including research bodies and surf lifesaving organisations to implement research, development, and testing of shark mitigation and deterrent measures. In 2022, the NESP Marine and Coastal Hub’s research priorities include targeted biodiversity and taxonomy",https://www.aph.gov.au/Parliamentary_Business/Tabled_Documents/4165
5110,5,noted,,Senate Economics Legislation Committee,is a matter for state and territory,"The regulation of residential tenancies, including rental agreements and pricing, is a matter for state and territory governments","The Government must commit to meaningful action for renters, including the delivery of culturally safe tenancy support programs for First Nations tenants in all states and territories (such as expanding the ‘More than a Landlord’ program in Victoria). This would also include putting rent controls on","The Government notes this recommendation. This recommendation is beyond the scope of the legislative package. The regulation of residential tenancies, including rental agreements and pricing, is a matter for state and territory governments. On 16 August 2023, National Cabinet agreed to A Better Deal for Renters, which includes developing a nationally consistent policy to require genuine reasonable",https://www.aph.gov.au/Parliamentary_Business/Tabled_Documents/5110
5631,10,noted,,Education and Employment References Committee,falls within the responsibility of state and territory,Noted The Government acknowledges this recommendation falls within the responsibility of state and territory education authorities and the non-government school sector and has referred this recommendation to state and territory education authorities and the non-government school sector for consideration,The committee recommends that state and territory education authorities and the non-government school sector work together to develop and promote stable and ongoing resources to support effective family engagement. This should include the provision of specialist family engagement support staff in sc,Noted The Government acknowledges this recommendation falls within the responsibility of state and territory education authorities and the non-government school sector and has referred this recommendation to state and territory education authorities and the non-government school sector for consideration,https://www.aph.gov.au/Parliamentary_Business/Tabled_Documents/5631
5631,3,noted,,Education and Employment References Committee,falls within the responsibility of state and territory,Noted The Government acknowledges this recommendation falls within the responsibility of state and territory education authorities and the non-government school sector and has referred this recommendation to state and territory education authorities and the non-government school sector for consideration,"The committee recommends that state and territory governments review their child health and development screening programs to identify opportunities to improve early identification of autism, ADHD, specific learning disorders, and anxiety disorders, in order to provide the classroom support these st",Noted The Government acknowledges this recommendation falls within the responsibility of state and territory education authorities and the non-government school sector and has referred this recommendation to state and territory education authorities and the non-government school sector for consideration. The Government is committed to inclusive education and improving educational and mental health,https://www.aph.gov.au/Parliamentary_Business/Tabled_Documents/5631
5631,4,noted,,Education and Employment References Committee,falls within the responsibility of state and territory,Noted The Government acknowledges this recommendation falls within the responsibility of state and territory education authorities and the non-government school sector and has referred this recommendation to state and territory education authorities and the non-government school sector for consideration,"The committee recommends that state and territory education authorities and the non-government school sector identify opportunities for earlier identification of students at risk of school withdrawal, particularly at key school transition points. This may include—but should not be limited to—analysi",Noted The Government acknowledges this recommendation falls within the responsibility of state and territory education authorities and the non-government school sector and has referred this recommendation to state and territory education authorities and the non-government school sector for consideration,https://www.aph.gov.au/Parliamentary_Business/Tabled_Documents/5631
5631,5,noted,,Education and Employment References Committee,falls within the responsibility of state and territory,Noted The Government acknowledges this recommendation falls within the responsibility of state and territory education authorities and the non-government school sector and has referred this recommendation to state and territory education authorities and the non-government school sector for consideration,"The committee recommends that state and territory education authorities and the non-government school sector investigate ways to increase the flexibility of education delivery, including by: • identifying ways to enhance flexibility in mainstream school settings for children going through school ref",Noted The Government acknowledges this recommendation falls within the responsibility of state and territory education authorities and the non-government school sector and has referred this recommendation to state and territory education authorities and the non-government school sector for consideration,https://www.aph.gov.au/Parliamentary_Business/Tabled_Documents/5631
5631,8,noted,,Education and Employment References Committee,falls within the responsibility of state and territory,Noted The Government acknowledges this recommendation falls within the responsibility of state and territory education authorities and the non-government school sector and has referred this recommendation to state and territory education authorities and the non-government school sector for consideration,The committee recommends that state and territory education authorities and the non-government school sector review and update current messaging about the importance of school attendance to ensure that it: • reflects a nuanced view of attendance that does not further alienate families dealing with s,"Noted The Government acknowledges this recommendation falls within the responsibility of state and territory education authorities and the non-government school sector and has referred this recommendation to state and territory education authorities and the non-government school sector for consideration. The Government through the DoHAC funds the Parenting Education and Support Program, delivered ",https://www.aph.gov.au/Parliamentary_Business/Tabled_Documents/5631
5631,9,noted,,Education and Employment References Committee,falls within the responsibility of state and territory,Noted The Government acknowledges this recommendation falls within the responsibility of state and territory education authorities and the non-government school sector and has referred this recommendation to state and territory education authorities and the non-government school sector for consideration,"The committee recommends that state and territory education authorities and the non-government school sector work together to develop resources to support the use of trauma-informed practices in schools, so they can implement best-practice methods to support students to continue with their education",Noted The Government acknowledges this recommendation falls within the responsibility of state and territory education authorities and the non-government school sector and has referred this recommendation to state and territory education authorities and the non-government school sector for consideration. The Government recognises the importance of trauma-informed practices in schools and acknowled,https://www.aph.gov.au/Parliamentary_Business/Tabled_Documents/5631
5928,18,noted,,Senate Standing Committee on Community Affairs,the responsibility of state and territory,Rental regulation and tenancy matters are the responsibility of state and territory governments,The Chair recommends the Australian Government coordinate with state and territory governments to require the disclosure of properties’ compliance with minimum standards in rental advertisements,"The Australian Government notes this recommendation. Rental regulation and tenancy matters are the responsibility of state and territory governments. The Australian Government is working with state and territory governments through the Energy and Climate Change Ministerial Council (ECMC), and with key industry stakeholders, to establish a Home Energy Ratings Disclosure Framework (the Disclosure Fr",https://www.aph.gov.au/Parliamentary_Business/Tabled_Documents/5928
5928,20,noted,,Senate Standing Committee on Community Affairs,the responsibility of state and territory,Rental regulation and tenancy matters are the responsibility of state and territory governments,The Chair recommends the Australian Government coordinate with state and territory governments to develop clear and nationally consistent definitions and timeframes for urgent and non-urgent repairs to rental properties,The Australian Government notes this recommendation. Rental regulation and tenancy matters are the responsibility of state and territory governments. Response to the final recommendations |,https://www.aph.gov.au/Parliamentary_Business/Tabled_Documents/5928
5928,23,noted,,Senate Standing Committee on Community Affairs,the responsibility of state and territory,Rental regulation and tenancy matters are the responsibility of state and territory governments,The Chair recommends the Australian Government coordinate with state and territory governments to establish rental commissioners in every jurisdiction and facilitate their national cooperation on rental matters,The Australian Government notes this recommendation. Rental regulation and tenancy matters are the responsibility of state and territory governments,https://www.aph.gov.au/Parliamentary_Business/Tabled_Documents/5928
5928,26,noted,,Senate Standing Committee on Community Affairs,the responsibility of state and territory,Rental regulation and tenancy matters are the responsibility of state and territory governments,"The Chair recommends the Australian Government coordinate with state and territory governments to consider implementing legislation to protect co-renters and landlords in situations where there is a dispute between co-renters, as is currently in place in the ACT",The Government notes this recommendation. Rental regulation and tenancy matters are the responsibility of state and territory governments. Response to the final recommendations | 27 Coalition Senators’ recommendations,https://www.aph.gov.au/Parliamentary_Business/Tabled_Documents/5928
5928,8,dissent,,Senate Standing Committee on Community Affairs,the responsibility of state and territory,"While rental regulation and tenancy matters are the responsibility of state and territory governments, the Government will continue to work to deliver better outcomes for housing, including for those who rent",Labor Senators recommend the Australian Government continue to work with the state and territory governments following the implementation of A Better Deal for Renters to identify further reforms to strengthen renters’ rights and provide greater national consistency for renters,"The Australian Government notes this recommendation. The Australian Government acknowledges the growing number of renters in Australia, and their experiences in the rental market. While rental regulation and tenancy matters are the responsibility of state and territory governments, the Government will continue to work to deliver better outcomes for housing, including for those who rent. 34 | Respo",https://www.aph.gov.au/Parliamentary_Business/Tabled_Documents/5928
6805,14,noted,,Department of Health and Aged Care,the primary responsibility of the states and territories,The delivery of public dental services is the primary responsibility of the states and territories,The committee recommends that states and territories take into account the need for culturally safe and effective treatment for Aboriginal and Torres Strait Islander Australians,"The Government notes this recommendation. The delivery of public dental services is the primary responsibility of the states and territories. Therefore, each jurisdiction determines all elements of service delivery including priority populations for eligibility and design of the services. The Commonwealth will continue to work collaboratively with jurisdictions to increase equitable access for pub",https://www.aph.gov.au/Parliamentary_Business/Tabled_Documents/6805
6805,15,noted,,Department of Health and Aged Care,the responsibility of the states and territories,"The delivery of public dental services is the responsibility of the states and territories and therefore it is up to each state and territory to establish eligibility requirements, state-based legislation, and regulation for oral health services within their jurisdictions","The committee recommends that the Australian Government works with state and territory governments to revise state-based legislation and regulations that prevent non dental health professionals from applying fluoride varnish treatments and fluoride salts, including in regional and remote areas of Au","The Government notes this recommendation. The delivery of public dental services is the responsibility of the states and territories and therefore it is up to each state and territory to establish eligibility requirements, state-based legislation, and regulation for oral health services within their jurisdictions",https://www.aph.gov.au/Parliamentary_Business/Tabled_Documents/6805
6805,5,position,accepted,Department of Health and Aged Care,the primary responsibility of states and territories,Delivery of adult public dental services is the primary responsibility of states and territories,The committee recommends the Department of Health and Aged Care works to increase the role of dental hygienists and other oral health therapists in providing preventative and basic oral health care,"The Government supports this recommendation. The Government acknowledges the important role dental hygienists and other oral health professionals play in providing preventive and basic oral healthcare to improve the oral health status of Australians. In recognition of this, on 1 July 2022, the Dental Benefits Rules 2014 were amended to enable dental hygienists, dental therapists, and oral health t",https://www.aph.gov.au/Parliamentary_Business/Tabled_Documents/6805
6805,6,noted,,Department of Health and Aged Care,is a matter for state and territory,"Establishment of any specific access controls, including those for dental health practitioners, is a matter for state and territory governments",The committee recommends the Department of Health and Aged Care assesses—with a view to reducing—regulatory barriers which limit the scope of practice for oral health practitioners who are trained and certified to proscribe and take radiographs. This could include reviewing provisions and/or definit,"The Government notes this recommendation. The Poisons Standard is implemented under state and territory legislation. Establishment of any specific access controls, including those for dental health practitioners, is a matter for state and territory governments. The definition of dental practitioner in the Poisons Standard was aligned with the definition for a health practitioner practicing in the ",https://www.aph.gov.au/Parliamentary_Business/Tabled_Documents/6805
8583,30,noted,,Department of Health and Aged Care,is a matter for State and Territory,Noted Funding and support for State and Territory Child Protection authorities is a matter for State and Territory Governments,The committee recommends that more funding and support is provided by State and Territory Child Protection authorities to carers who are caring for and supporting children with FASD,"Noted Funding and support for State and Territory Child Protection authorities is a matter for State and Territory Governments. The Australian Government more broadly provides support for carers through funding to 28 National Organisation for Fetal Alcohol Spectrum Disorder Australia to deliver telephone and online counselling services to individuals, families and carers affected by Fetal Alcohol ",https://www.aph.gov.au/Parliamentary_Business/Tabled_Documents/8583
921,25,position,in part or in principle,Select Committee on Autism,is a matter for state and territory,Supported in principle This is a matter for state and territory government consideration,The committee recommends that state and territory governments undertake a mapping of respite and support services for parents and work with government and non-government providers to address identified gaps in support,"Supported in principle This is a matter for state and territory government consideration. The Australian Government notes there are existing measures in place to assist and provide support for all carers through the Carer Gateway. Carer Gateway is an Australian Government initiative providing a range of free in-person, online and phone-based supports and services to carers. The purpose of Carer Ga",https://www.aph.gov.au/Parliamentary_Business/Tabled_Documents/921
921,33,position,in part or in principle,Select Committee on Autism,principally a matter for state and territory,Supported in principle This recommendation is principally a matter for state and territory governments,The committee recommends that state and territory governments commit to funding autism-specific advocacy services under their funded disability advocacy programs. Progress toward implementation could be monitored through the National Federation Reform Council,"Supported in principle This recommendation is principally a matter for state and territory governments. The Australian Government is currently working with state and territory governments to collectively address service standards, determine demand and unmet demand, and improve access to high quality advocacy services",https://www.aph.gov.au/Parliamentary_Business/Tabled_Documents/921
921,48,position,in part or in principle,Select Committee on Autism,is a matter for state and territory,Supported in principle Collecting and reporting student outcomes data is a matter for state and territory governments,The committee recommends that the Education Ministers Meeting develop and implement a framework for regularly monitoring and publicly reporting on education outcomes for students with disability from 2023. This should include monitoring and reporting on outcomes for autistic students as a separate c,Supported in principle Collecting and reporting student outcomes data is a matter for state and territory governments. Once the forum to drive development of a National Autism Strategy is chosen (,https://www.aph.gov.au/Parliamentary_Business/Tabled_Documents/921
921,50,noted,,Select Committee on Autism,is a matter for state and territory,Noted This is a matter for state and territory government consideration,"The committee recommends that, where state and territory education authorities use targeted programs to distribute funding for students with disability, eligibility for these programs be reviewed and adjusted to better meet the needs of autistic students",Noted This is a matter for state and territory government consideration,https://www.aph.gov.au/Parliamentary_Business/Tabled_Documents/921
974,6,noted,,,a matter for state and territory,"In making this recommendation, the Committee acknowledged that such fees and the regulation of legal practitioners, including the nature of the fees charged, are a matter for state and territory governments",The committee recommends the prohibition of the use of disappointment fees in family law matters,"Noted. The Government notes the Committee’s concerns about disappointment fees (also known as cancellation fees) being charged by family law barristers or solicitor advocates in some jurisdictions. In making this recommendation, the Committee acknowledged that such fees and the regulation of legal practitioners, including the nature of the fees charged, are a matter for state and territory governm",https://www.aph.gov.au/Parliamentary_Business/Tabled_Documents/974
