document,label,row_itself_flagged,title,url,recommendation
1704,5,yes,"Australian Government response to the Senate Economics References Committee report: Systemic, sustained and shameful: unlawful underpayment of employees’ remuneration [April 2023]",https://www.aph.gov.au/Parliamentary_Business/Tabled_Documents/1704,"The committee recommends that the The Government is committed to deterring Australian Government establish a small wage theft, and ensuring that where it does claims tribunal, ideally co-located with the occur, workers should be able to recover Fair Work Commission, to create a simple, their unpaid entitlements quickly and affordable, accessible, and efficient process easily. for employees to purs"
1704,6,yes,"Australian Government response to the Senate Economics References Committee report: Systemic, sustained and shameful: unlawful underpayment of employees’ remuneration [April 2023]",https://www.aph.gov.au/Parliamentary_Business/Tabled_Documents/1704,"The committee recommends that the The Government is committed to ensuring Australian Government, through the that individuals who receive wages Australian Taxation Office, review the repayments as lump sums are not penalised taxation treatment of wages repaid to through a higher tax liability purely because employees following incidents of wage of the timing of the payment. theft to ensure they ar"
1704,7,yes,"Australian Government response to the Senate Economics References Committee report: Systemic, sustained and shameful: unlawful underpayment of employees’ remuneration [April 2023]",https://www.aph.gov.au/Parliamentary_Business/Tabled_Documents/1704,The committee recommends that the Australian Government review whether The Government appreciates concerns employee representatives that hold 'right raised by witnesses that the restrictions on of entry' permits can be better utilised to permit holders may not always be inspect and investigate potential appropriate in the context of underpayments across workplaces. underpayments and exploitation
1704,8,yes,"Australian Government response to the Senate Economics References Committee report: Systemic, sustained and shameful: unlawful underpayment of employees’ remuneration [April 2023]",https://www.aph.gov.au/Parliamentary_Business/Tabled_Documents/1704,"The committee recommends that the The Government appreciates that in some Australian Government amend the circumstances, conduct that prevents a Fair Work Act 2009 to include provisions permit holder from effectively investigating relating to the production of documents to a suspected contravention is treated permit holders, to: differently than if the same had occurred with a Fair Work Inspector."
1704,9,yes,"Australian Government response to the Senate Economics References Committee report: Systemic, sustained and shameful: unlawful underpayment of employees’ remuneration [April 2023]",https://www.aph.gov.au/Parliamentary_Business/Tabled_Documents/1704,"The committee recommends that the The Government is committed to ensuring Australian Government consider bringing that employees receive the entirety of their forward amendments to the lawful entitlements, including Superannuation Guarantee (Administration) superannuation. Act 1992 to: That is why the Government has committed • require Superannuation Guarantee to including superannuation in the Fa"
1704,12,yes,"Australian Government response to the Senate Economics References Committee report: Systemic, sustained and shameful: unlawful underpayment of employees’ remuneration [April 2023]",https://www.aph.gov.au/Parliamentary_Business/Tabled_Documents/1704,The committee recommends that the The Government is supportive of keeping Australian Taxation Office improve its individuals fully informed about their communication with individuals to keep unpaid superannuation cases and will them promptly and fully informed of the consider the proposals specified in this progress and outcomes regarding their recommendation. Superannuation Guarantee non-complian
1704,15,yes,"Australian Government response to the Senate Economics References Committee report: Systemic, sustained and shameful: unlawful underpayment of employees’ remuneration [April 2023]",https://www.aph.gov.au/Parliamentary_Business/Tabled_Documents/1704,"The committee recommends that the The Government has committed to Australian Government, as a priority: implementing the recommendations of the Migrant Workers’ Taskforce, which include • extend the Fair Entitlements Guarantee extending eligibility for FEG to migrant to all employees, including those on workers with work rights following temporary visas, building on consultation regarding the bene"
1704,17,yes,"Australian Government response to the Senate Economics References Committee report: Systemic, sustained and shameful: unlawful underpayment of employees’ remuneration [April 2023]",https://www.aph.gov.au/Parliamentary_Business/Tabled_Documents/1704,"The committee recommends that a formal, The current Assurance Protocol between and legally binding firewall be established the Fair Work Ombudsman and the between the Fair Work Ombudsman and Department of Home Affairs includes a the Department of Home Affairs to protect range of safeguards and protections, and whistle-blowers and temporary visa holders operates on the basis of informed consent tha"
1704,19,yes,"Australian Government response to the Senate Economics References Committee report: Systemic, sustained and shameful: unlawful underpayment of employees’ remuneration [April 2023]",https://www.aph.gov.au/Parliamentary_Business/Tabled_Documents/1704,"The committee recommends that the The Government is committed to ensuring Australian Government improve that the general protections provisions of protections for employees who engage in the Fair Work Act continue to operate to lawful activity to prevent wage theft, provide protections for employees who including joining a union, pursuing engage in lawful activity to prevent wage underpayments thr"
