status,committee,title,report_tabled,days_outstanding,interim_received,response_tabled,notes
answered_since_schedule,A Certain Maritime Incident—Senate Select,Report on a Certain Maritime Incident,2002-10-23,8561,True,2026-04-01,
answered_since_schedule,Regional and Remote Indigenous Communities—Senate Select,Final report 2010,2010-09-24,5668,True,2026-04-01,
answered_since_schedule,Human Rights—Joint Statutory,Eleventh Report of 2013: Stronger Futures in the Northern Territory Act 2012 and related legislation,2013-06-27,4661,True,2026-04-01,
answered_since_schedule,Australian Commission for Law Enforcement Integrity—Joint Statutory,Integrity of overseas Commonwealth law enforcement operations,2013-06-27,4652,True,2026-03-23,
answered_since_schedule,Constitutional Recognition of Aboriginal and Torres Strait Islander Peoples—Joint Select,Progress report,2014-10-28,4214,True,2026-05-12,
answered_since_schedule,Legal and Constitutional Affairs Legislation,Freedom of Information Amendment (New Arrangements) Bill 2014 [Provisions],2014-11-25,4125,True,2026-03-12,
answered_since_schedule,Legal and Constitutional Affairs References,Comprehensive revision of the Telecommunications Interception and Access Act 1979,2015-03-24,4006,True,2026-03-12,
answered_since_schedule,Constitutional Recognition of Aboriginal and Torres Strait Islander Peoples—Joint Select,Final report,2015-06-25,3974,True,2026-05-12,
answered_since_schedule,Rural and Regional Affairs and Transport Legislation,Criminal Code Amendment Animal Protection Bill 2015,2015-06-12,3937,True,2026-03-23,
answered_since_schedule,Law Enforcement—Joint Statutory,Inquiry into financial related crime,2015-09-08,3830,True,2026-03-04,
answered_since_schedule,Legal and Constitutional Affairs Legislation,Family Law Amendment (Financial Agreements and Other Measures) Bill 2015,2016-02-24,3680,True,2026-03-23,
answered_since_schedule,Human Rights—Joint Statutory,2016 Review of Stronger Future measures,2016-03-17,3667,True,2026-04-01,
answered_since_schedule,Establishment of a National Integrity Commission—Senate Select,Interim report,2016-05-03,3611,True,2026-03-23,
answered_since_schedule,Economics References,Personal choice and community impacts—Interim report: sale and use of marijuana and associated products term of reference c,2016-05-04,3591,True,2026-03-04,
answered_since_schedule,Australian Commission for Law Enforcement Integrity—Joint Statutory,Inquiry into the jurisdiction of the Australian Commission for Law Enforcement Integrity,2016-08-31,3491,True,2026-03-23,
answered_since_schedule,Finance and Public Administration References,Aboriginal and Torres Strait Islander experience of law enforcement and justice services,2016-10-13,3457,True,2026-04-01,
answered_since_schedule,Community Affairs References,Indefinite detention of people with cognitive and psychiatric impairment in Australia,2016-11-29,3451,True,2026-05-12,
answered_since_schedule,Legal and Constitutional Affairs References,"Nature and scope of any agreement reached by the Commonwealth and Western Australian governments in relation to the distribution of proceeds of the liquidation of, and litigation concerning, the Bell Group of companies (the proceeds)—Final report",2017-06-21,3197,True,2026-03-23,
answered_since_schedule,National Integrity Commission—Senate Select,Report,2017-09-13,3113,True,2026-03-23,
answered_since_schedule,Law Enforcement—Joint Statutory,Inquiry into crystal methamphetamine (ice)— First report,2017-09-07,3100,True,2026-03-04,
answered_since_schedule,Legal and Constitutional Affairs Legislation,Family Law Amendment (Parenting Management Hearings) Bill 2017,2018-03-26,2919,True,2026-03-23,
answered_since_schedule,Law Enforcement—Joint Statutory,Inquiry into crystal methamphetamine (ice)— Final report,2018-03-28,2898,True,2026-03-04,
answered_since_schedule,"Foreign Affairs, Defence and Trade References",Implications of climate change for Australia’s national security,2018-05-17,2876,True,2026-04-01,
answered_since_schedule,Legal and Constitutional Affairs Legislation,Bankruptcy Amendment (Enterprise Incentives) Bill 2017,2018-03-21,2861,True,2026-01-19,
answered_since_schedule,Law Enforcement—Joint Statutory,Examination of the annual report of the Australian Federal Police 2015-16,2018-05-08,2857,True,2026-03-04,
answered_since_schedule,Public Accounts and Audit—Joint Statutory,"Report 472—Commonwealth Procurement – Second report: Inquiry based on Auditor- General’s reports 9 and 12 (2017-18) and 61 (2016-17), dated October 2018",2018-10-17,2805,False,2026-06-22,
answered_since_schedule,Legal and Constitutional Affairs References,"Allegations concerning the inappropriate exercise of ministerial powers, with respect to the visa status of au pairs, and related matters",2018-09-19,2751,True,2026-04-01,
answered_since_schedule,Public Accounts and Audit—Joint Statutory,"Report 475—Defence First Principles review, Naval Construction and Mental Health in the AFP: Inquiry based on Auditor-General’s report 31, 34 and 39 (2017-18)",2019-02-14,2685,False,2026-06-22,
answered_since_schedule,Public Accounts and Audit—Joint Statutory,Report 476—Australian Government funding: Inquiry based on Auditor-General’s reports 18 and 50 (2017-18),2019-02-14,2685,False,2026-06-22,
answered_since_schedule,Legal and Constitutional Affairs Legislation,Freedom of Information Legislation Amendment (Improving Access and Transparency) Bill 2018,2018-11-30,2679,True,2026-04-01,
answered_since_schedule,Legal and Constitutional Affairs References,"Legislative exemptions that allow faith-based educational institutions to discriminate against students, teachers and staff",2018-11-26,2674,True,2026-03-23,
answered_since_schedule,Legal and Constitutional Affairs Legislation,Judiciary Amendment (Commonwealth Model Litigant Obligations) Bill 2017,2018-12-07,2663,True,2026-03-23,
answered_since_schedule,Public Accounts and Audit—Joint Statutory,Report 477—Commonwealth financial statements – Second report; and Foreign investment in real estate: Inquiries based on Auditor-General’s reports 24 and 48 (2017-18),2019-04-02,2638,True,2026-06-22,
answered_since_schedule,Public Accounts and Audit—Joint Statutory,Report 478—Issuing of a Certificate under section 37 of the Auditor-Generalʼs Act 1997,2019-04-02,2638,True,2026-06-22,
answered_since_schedule,Public Accounts and Audit—Joint Statutory,Report 479—Australian Government security arrangements: Inquiry based on Auditor- General’s reports 38 and 43 (2017-18),2019-04-02,2638,False,2026-06-22,
answered_since_schedule,"Foreign Affairs, Defence and Trade References",United Nations Sustainable Development Goals (SDG),2019-02-14,2603,True,2026-04-01,
answered_since_schedule,"Foreign Affairs, Defence and Trade—Joint Standing",Inquiry into Australia’s aid program in the Indo- Pacific—First report,2019-04-03,2598,True,2026-05-14,
answered_since_schedule,Legal and Constitutional Affairs Legislation,Sex Discrimination Amendment (Removing Discrimination Against Students) Bill 2018 and all circulated amendments to the bill,2019-02-14,2594,True,2026-03-23,
answered_since_schedule,Legal and Constitutional Affairs Legislation,"Freedom of Speech Legislation Amendment (Censorship) Bill 2018, Freedom of Speech Legislation Amendment (Insult and Offend) Bill 2018 and Freedom of Speech Legislation Amendment (Security) Bill 2018",2019-03-08,2581,True,2026-04-01,
answered_since_schedule,"Foreign Affairs, Defence and Trade—Joint Standing","Freedom of religion and belief, the Australian experience—Second interim report",2019-04-03,2546,True,2026-03-23,
answered_since_schedule,Public works—Joint Standing Committee,2nd report of 2019—Referrals made July 2019,2019-09-10,2477,True,2026-06-22,
answered_since_schedule,Law Enforcement—Joint Statutory,Impact of new and emerging information and communications technology,2019-07-23,2387,True,2026-02-03,
answered_since_schedule,Finance and Public Administration Legislation,National Integrity (Parliamentary Standards) Bill 2019,2020-08-12,2049,True,2026-03-23,
answered_since_schedule,"Foreign Affairs, Defence and Trade—Joint Standing","Inquiry into the implications of the COVID-19 pandemic for Australia’s foreign affairs, defence and trade",2020-12-08,2023,True,2026-06-23,
answered_since_schedule,Economics Legislation,"National Radioactive Waste Management Amendment (Site Specification, Community Fund and Other Measures) Bill 2020 [Provisions]",2020-09-14,2016,True,2026-03-23,
answered_since_schedule,Legal and Constitutional Affairs Legislation,Immigration (Education) Amendment (Expanding Access to English Tuition) Bill 2020 [Provisions],2020-11-27,1951,True,2026-04-01,
answered_since_schedule,"Foreign Affairs, Defence and Trade Legislation",National Commissioner for Defence and Veteran Suicide Prevention Bill 2020 [provisions] and the National Commissioner for Defence and Veteran Suicide Prevention (Consequential Amendments) Bill 2020 [provisions],2020-11-30,1939,True,2026-03-23,
answered_since_schedule,Environment and Communications References,Freedom of the Press,2021-05-19,1769,True,2026-03-23,
answered_since_schedule,Corporations and Financial Services–Joint Statutory,2019–2020 annual reports of bodies established under the ASIC Act,2021-08-25,1765,False,2026-06-25,
answered_since_schedule,Environment and Communications Legislation,Treasury Laws Amendment (2021 Measures No. 5) Bill 2021 [Provisions],2021-08-31,1759,True,2026-06-25,
answered_since_schedule,Public Accounts and Audit—Joint Statutory,"Report 486—Regulatory activities: Inquiry into Auditor-General’s reports 33, 47 and 48 (2019- 20) and 5 and 8 (2020-21)",2021-09-01,1758,False,2026-06-25,
answered_since_schedule,Public works—Joint Standing Committee,5th report of 2021—Referral made May 2021,2021-08-24,1722,True,2026-05-12,
answered_since_schedule,Public works—Joint Standing Committee,6th report of 2021—Referrals made May and June 2021,2021-08-24,1722,True,2026-05-12,
answered_since_schedule,Law Enforcement—Joint Statutory,"COVID-19, criminal activity and law enforcement",2021-06-23,1715,True,2026-03-04,
answered_since_schedule,Legal and Constitutional Affairs Legislation,Family Law Amendment (Federal Family Violence Orders) Bill 2021 [Provisions],2021-07-29,1698,True,2026-03-23,
answered_since_schedule,Environment and Communications References,Oil and gas exploration and production in the Beetaloo Basin,2021-08-24,1672,True,2026-03-23,
answered_since_schedule,Intelligence and Security—Joint Statutory,Advisory Report on the Telecommunications Legislation Amendment (International Production Orders) Bill 2020,2021-05-12,1658,True,2025-11-25,
answered_since_schedule,Finance and Public Administration Legislation,Corporations (Aboriginal and Torres Strait Islander) Amendment Bill 2021 [Provisions],2021-10-14,1630,True,2026-04-01,
answered_since_schedule,Finance and Public Administration Legislation,Social Security Legislation Amendment (Remote Engagement Program) Bill 2021 [Provisions],2021-10-14,1630,True,2026-04-01,
answered_since_schedule,Job Security—Select Committee,Insecurity in publicly funded jobs—Second interim report,2021-10-19,1625,False,2026-04-01,
answered_since_schedule,Law Enforcement—Joint Statutory,Criminal Code Amendment (Sharing of Abhorrent Violent Material) Act 2019,2022-02-09,1594,True,2026-06-22,
answered_since_schedule,"Foreign Affairs, Defence and Trade References",Australia’s engagement in Afghanistan—Interim report,2022-01-21,1574,True,2026-05-14,
answered_since_schedule,Intelligence and Security—Joint Statutory,Surveillance Legislation Amendment (Identify and Disrupt) Bill 2020,2021-08-05,1573,True,2025-11-25,
answered_since_schedule,Rural and Regional Affairs and Transport Legislation,Don’t mince words: definitions of meat and other animal products,2022-02-24,1538,True,2026-05-12,
answered_since_schedule,Northern Australia—Joint Standing,The engagement of traditional owners in the economic development of northern Australia,2022-02-09,1512,True,2026-04-01,
answered_since_schedule,Human Rights—Joint Statutory,Religious Discrimination Bill 2021 and related bills,2022-02-04,1508,True,2026-03-23,
answered_since_schedule,Legal and Constitutional Affairs Legislation,"Religious Discrimination Bill 2021 [Provisions], Religious Discrimination (Consequential Amendments) Bill 2021 [Provisions] and Human Rights Legislation Amendment Bill 2021 [Provisions]",2022-02-04,1508,True,2026-03-23,
answered_since_schedule,"Foreign Affairs, Defence and Trade—Joint Standing",Inquiry into PFAS remediation in and around Defence bases—Final report,2022-03-30,1506,True,2026-05-14,
answered_since_schedule,Intelligence and Security—Joint Statutory,Advisory report on the Intelligence Oversight and Other Legislation Amendment (Integrity Measures) Bill 2020,2022-02-09,1503,True,2026-03-23,
answered_since_schedule,Intelligence and Security—Joint Statutory,Review of the amendments made by the Telecommunications and Other Legislation Amendment (Assistance and Access) Act 2018,2022-02-09,1503,True,2026-03-23,
answered_since_schedule,Job Security—Select Committee,The Job insecurity report,2022-02-11,1501,False,2026-03-23,
answered_since_schedule,"Foreign Affairs, Defence and Trade References",Australia’s engagement in Afghanistan—Final report,2022-04-05,1500,True,2026-05-14,
answered_since_schedule,Legal and Constitutional Affairs Legislation,Social Media (Anti-Trolling) Bill 2022 [Provisions],2022-03-24,1460,True,2026-03-23,
answered_since_schedule,Australian Commission for Law Enforcement Integrity—Joint Statutory,Examination of the annual report of the Integrity Commissioner 2020-21,2022-03-30,1454,True,2026-03-23,
answered_since_schedule,Legal and Constitutional Affairs References,The performance and integrity of Australia’s administrative review system—Interim report,2022-03-31,1453,True,2026-03-23,
answered_since_schedule,Public Accounts and Audit—Joint Statutory,"Report 492—Governance in the stewardship of public resources: Inquiry into Auditor-General’s reports 11, 31 and 39 (2019-20) and 2 and 9 (2020-21)",2022-04-12,1441,False,2026-03-23,
answered_since_schedule,Parliamentary Standards–Joint Select Committee,Final report,2022-11-29,1360,False,2026-08-20,
answered_since_schedule,Intelligence and Security—Joint Statutory,"Review of the listing and re-listing of eight organisations as terrorist organisations under the Criminal Code [ subtitle Abu Sayyaf Group, al Qa’ida, al Qa’ida in the Lands of the Islamic Maghreb, Hamas, Hay’at Tahrir al-Sham, Hurras al-Din, Jemaah Islamiyah, National Socialist Order]",2022-09-26,1325,True,2026-05-13,
answered_since_schedule,Economics Legislation,"Financial Accountability Regime Bill 2022 [Provisions], Financial Sector Reform Bill 2022 [Provisions], Financial Services Compensation Scheme of Last Resort Levy Bill 2022 [Provisions] and Financial Services Compensation Scheme of Last Resort Levy (Collection) Bill 2022 [Provisions]",2022-10-25,1254,True,2026-04-01,
answered_since_schedule,Northern Australia—Joint Select,Inquiry into the Cyclone Reinsurance Pool – First report,2023-03-30,1239,True,2026-08-20,
answered_since_schedule,Education and Employment Legislation,Family Assistance Legislation Amendment (Cheaper Child Care) Bill 2022 [Provisions],2022-11-16,1232,True,2026-04-01,
answered_since_schedule,Community Affairs Legislation,Social Services and Other Legislation Amendment (Workforce Incentive) Bill 2022 [Provisions],2022-11-10,1229,True,2026-03-23,
answered_since_schedule,Economics Legislation,Treasury Laws Amendment (2022 Measures No. 3) Bill 2022 [Provisions] and related bills,2022-11-17,1222,True,2026-03-23,
answered_since_schedule,Legal and Constitutional Affairs Legislation,Privacy Legislation Amendment (Enforcement and Other Measures) Bill 2022 [Provisions],2022-11-22,1217,True,2026-03-23,
answered_since_schedule,Environment and Communications Legislation,Safeguard Mechanism (Crediting) Amendment Bill 2022 [Provisions],2023-03-06,1204,True,2026-06-22,
answered_since_schedule,Public works—Joint Standing Committee,2nd report of 2023—Department of Defence – Cocos (Keeling) Islands Airfield Upgrade Project and other works,2023-03-29,1189,True,2026-06-30,
answered_since_schedule,Economics Legislation,National Energy Transition Authority Bill 2022,2023-03-24,1186,True,2026-06-22,
answered_since_schedule,Community Affairs References,"Ending the postcode lottery: Addressing barriers to sexual, maternity and reproductive healthcare in Australia",2023-05-25,1183,False,2026-08-20,
answered_since_schedule,Legal and Constitutional Affairs Legislation,Public Interest Disclosure Amendment (Review) Bill 2022 [Provisions],2023-03-14,1155,True,2026-05-12,
answered_since_schedule,Public works—Joint Standing Committee,"3rd report of 2023—Cocos (Keeling) Islands — West Island, Seawater Reverse Osmosis Plant Project and other works",2023-05-09,1148,True,2026-06-30,
answered_since_schedule,Corporations and Financial Services–Joint Statutory,Corporate Insolvency in Australia,2023-07-12,1126,True,2026-08-11,
answered_since_schedule,Community Affairs Legislation,Paid Parental Leave Amendment (Improvements for Families and Gender Equality) Bill 2022,2023-02-24,1123,True,2026-03-23,
answered_since_schedule,Education and Employment Legislation,Education and Other Legislation Amendment (Abolishing Indexation and Raising the Minimum Repayment Income for Education and Training Loans) Bill 2022,2023-04-17,1121,True,2026-05-12,
answered_since_schedule,Economics Legislation,Treasury Laws Amendment (2023 Measures No. 1) Bill 2023 [Provisions],2023-06-02,1075,True,2026-05-12,
answered_since_schedule,Legal and Constitutional Affairs References,Current and proposed sexual consent laws in Australia,2023-09-14,1071,True,2026-08-20,
answered_since_schedule,Education and Employment Legislation,Education Legislation Amendment (Startup Year and Other Measures) Bill 2023 [Provisions],2023-04-28,1069,True,2026-04-01,
answered_since_schedule,Community Affairs References,The extent and nature of poverty in Australia— Interim Report,2023-05-04,1063,True,2026-04-01,
answered_since_schedule,"Foreign Affairs, Defence and Trade References",Adaptive sport programs for Australian Defence Force veterans,2023-05-08,1058,False,2026-03-31,
answered_since_schedule,Community Affairs Legislation,Social Security (Administration) Amendment (Income Management Reform) Bill 2023 [Provisions],2023-06-06,1021,True,2026-03-23,
answered_since_schedule,Corporations and Financial Services–Joint Statutory,"Statutory inquiry into ASIC, the Takeovers Panel, and the corporations legislation: ASIC licence transfers",2023-07-10,988,True,2026-03-24,
answered_since_schedule,Legal and Constitutional Affairs References,The operation of Commonwealth Freedom of Information (FOI) laws,2023-12-07,987,True,2026-08-20,
answered_since_schedule,Education and Employment References,Potential impacts of the Commonwealth paid parental leave scheme on small businesses and their employees,2023-08-31,985,True,2026-05-12,
answered_since_schedule,Community Affairs Legislation,Social Services and Other Legislation Amendment (Strengthening the Safety Net) Bill 2023,2023-07-24,973,True,2026-03-23,
answered_since_schedule,Legal and Constitutional Affairs Legislation,Crimes Legislation Amendment (Combatting Foreign Bribery) Bill 2023 [Provisions],2023-07-26,971,True,2026-03-23,
answered_since_schedule,Economics Legislation,Digital Assets (Market Regulation) Bill 2023,2023-08-04,970,True,2026-03-31,
answered_since_schedule,Environment and Communications Legislation,Water Amendment (Restoring Our Rivers) Bill 2023 [Provisions],2023-11-10,955,True,2026-06-22,
answered_since_schedule,Education and Employment Legislation,Higher Education Support Amendment (Response to the Australian Universities Accord Interim Report) Bill 2023 [Provisions],2023-10-11,944,True,2026-05-12,
answered_since_schedule,Public works—Joint Standing Committee,"7th report of 2023—National Capital Authority— Commonwealth Avenue Bridge, Canberra, ACT, Renewal Project",2023-10-17,940,True,2026-05-14,
answered_since_schedule,Legal and Constitutional Affairs Legislation,Migration Amendment (Strengthening Employer Compliance) Bill 2023 [Provisions],2023-08-31,935,False,2026-03-23,
answered_since_schedule,Environment and Communications Legislation,Interactive Gambling Amendment (Credit and Other Measures) Bill 2023 [Provisions],2023-10-12,902,False,2026-04-01,
answered_since_schedule,Trade and Investment Growth—Joint Select,Australia’s trade and investment opportunities in a global green economy,2023-10-11,902,True,2026-03-31,
answered_since_schedule,Economics Legislation,Treasury Laws Amendment (Support for Small Business and Charities and Other Measures) Bill 2023 [Provisions],2023-11-24,900,True,2026-05-12,
answered_since_schedule,"Foreign Affairs, Defence and Trade Legislation",Defence Capability Assurance and Oversight Bill 2023,2023-11-24,900,True,2026-05-12,
answered_since_schedule,"Foreign Affairs, Defence and Trade—Joint Standing",Australia’s tourism and international sectors— ‘Quality and Integrity – The Quest for Sustainable Growth’—Interim report into international education,2023-10-19,894,True,2026-03-31,
answered_since_schedule,Northern Australia—Joint Select,Northern Australia workforce development—First report,2023-11-30,894,True,2026-05-12,
answered_since_schedule,Education and Employment References,The issue of increasing disruption in Australian school classrooms—Interim report,2023-12-01,893,True,2026-05-12,
answered_since_schedule,Environment and Communications References,Climate-related marine invasive species,2023-11-03,880,True,2026-04-01,
answered_since_schedule,Rural and Regional Affairs and Transport References,"Australia’s preparedness to host Commonwealth, Olympic and Paralympic Games—Interim report",2023-09-14,873,True,2026-02-03,
answered_since_schedule,Legal and Constitutional Affairs Legislation,Identity Verification Services Bill 2023 and the Identity Verification Services (Consequential Amendments) Bill 2023 [Provisions],2023-11-09,865,True,2026-03-23,
answered_since_schedule,Public Accounts and Audit—Joint Statutory,Report 494—Inquiry into the Department of Foreign Affairs and Trade’s crisis management arrangements,2023-03-30,847,False,2025-07-24,
answered_since_schedule,Economics Legislation,Help to Buy Bill 2023 and the Help to Buy (Consequential Provisions) Bill 2023 [provisions],2024-04-18,845,True,2026-08-11,
answered_since_schedule,Finance and Public Administration References,Access to Australian Parliament House by lobbyists,2024-05-07,835,True,2026-08-20,
answered_since_schedule,Commonwealth Bilateral Air Service Agreements—Senate Select,Report,2023-10-09,833,True,2026-01-19,
answered_since_schedule,"Foreign Affairs, Defence and Trade—Joint Standing",The pursuit of equality—Inquiry into the human rights of women and children,2023-11-30,833,True,2026-03-12,
answered_since_schedule,Economics Legislation,Government Amendments to Treasury Laws Amendment (Making Multinationals Pay Their Fair Share—Integrity and Transparency) Bill 2023,2024-02-05,827,True,2026-05-12,
answered_since_schedule,Economics Legislation,Offshore Petroleum and Greenhouse Gas Storage Legislation Amendment (Safety and Other Measures) Bill 2024 [Provisions],2024-03-22,825,False,2026-06-25,
answered_since_schedule,Education and Employment References,The issue of increasing disruption in Australian school classrooms—Final report,2024-02-07,825,True,2026-05-12,
answered_since_schedule,Finance and Public Administration Legislation,COAG Legislation Amendment Bill 2023,2024-03-14,789,True,2026-05-12,
answered_since_schedule,Intelligence and Security—Joint Statutory,Defence Amendment (Safeguarding Australia’s Military Secrets) Bill 2023 – Advisory report,2024-03-14,789,False,2026-05-12,
answered_since_schedule,Rural and Regional Affairs and Transport References,"Australia’s preparedness to host Commonwealth, Olympic and Paralympic Games—Second interim report",2023-12-07,789,True,2026-02-03,
answered_since_schedule,"Foreign Affairs, Defence and Trade Legislation",Defence Trade Controls Amendment Bill 2023 [Provisions],2024-03-15,788,True,2026-05-12,
answered_since_schedule,Finance and Public Administration Legislation,"Public Governance, Performance and Accountability Amendment (Vaccine Indemnity) Bill 2023",2024-03-18,785,True,2026-05-12,
answered_since_schedule,Economics Legislation,Treasury Laws Amendment (Financial Market Infrastructure and Other Measures) Bill 2024 [Provisions],2024-05-03,783,True,2026-06-25,
answered_since_schedule,Economics Legislation,Superannuation (Objectives) Bill 2023 [Provisions],2024-03-28,775,True,2026-05-12,
answered_since_schedule,Cost of Living—Senate Select,Second interim report,2024-05-09,774,True,2026-06-22,
answered_since_schedule,Environment and Communications Legislation,Communications Legislation Amendment (Prominence and Anti-siphoning) Bill 2023 [Provisions],2024-05-09,774,True,2026-06-22,
answered_since_schedule,Economics Legislation,Treasury Laws Amendment (Tax Accountability and Fairness) Bill 2023 [Provisions],2024-05-10,773,True,2026-06-22,
answered_since_schedule,Rural and Regional Affairs and Transport Legislation,Agriculture (Biosecurity Protection) Levies Bill 2024 [Provisions] and related bills,2024-05-10,773,True,2026-06-22,
answered_since_schedule,"Foreign Affairs, Defence and Trade—Joint Standing",The Defence Industry Security Program— Review of Auditor-General report 4 of 2021-22,2023-06-19,766,False,2025-07-24,
answered_since_schedule,Community Affairs References,Extent and nature of poverty in Australia—Final report,2024-02-28,763,True,2026-04-01,
answered_since_schedule,Rural and Regional Affairs and Transport References,Bank closures in regional Australia: Protecting the future of regional banking,2024-05-24,760,True,2026-06-23,
answered_since_schedule,Legal and Constitutional Affairs Legislation,Modern Slavery Amendment (Australian Anti- Slavery Commissioner) Bill 2023 [Provisions],2024-02-28,754,True,2026-03-23,
answered_since_schedule,Rural and Regional Affairs and Transport Legislation,Customs Legislation Amendment (Commercial Greyhound Export and Import Prohibition) Bill 2021,2023-10-19,739,True,2025-10-27,
answered_since_schedule,Environment and Communications References,National cultural policy—–Interim report,2024-05-09,733,True,2026-05-12,
answered_since_schedule,Economics Legislation,Treasury Laws Amendment (Better Targeted Superannuation Concessions and Other Measures) Bill 2023 [Provisions] and Superannuation (Better Targeted Superannuation Concessions) Imposition Bill 2023 [Provisions],2024-05-10,732,True,2026-05-12,
answered_since_schedule,Legal and Constitutional Affairs Legislation,Administrative Review Tribunal Bill 2023 [Provisions] and related bills,2024-05-13,729,True,2026-05-12,
answered_since_schedule,National Capital and External Territories— Joint Standing,A Capital for All Australians: report of the inquiry into fostering and promoting the significance of Australia’s National Capital,2024-06-25,727,True,2026-06-22,
answered_since_schedule,Law Enforcement—Joint Statutory,Australia’s illicit drug problem: Challenges and opportunities for law enforcement,2024-05-21,721,True,2026-05-12,
answered_since_schedule,Law Enforcement—Joint Statutory,Australia’s illicit drug problem: Challenges and opportunities for law enforcement—Additional comments from the Australian Greens,2024-05-28,714,True,2026-05-12,
answered_since_schedule,Corporations and Financial Services–Joint Statutory,"Statutory inquiry into ASIC, the Takeovers Panel, and the corporations legislation: Competition in clearing and settlement and the ASX CHESS Replacement Project: CHESS Replacement Project is too important to fail – Interim report",2024-04-24,699,False,2026-03-24,
answered_since_schedule,Trade and Investment Growth—Joint Select,Strengthening Australia’s approach to trade negotiations,2024-05-01,699,True,2026-03-31,
answered_since_schedule,Legal and Constitutional Affairs Legislation,Crimes Amendment (Strengthening the Criminal Justice Response to Sexual Violence) Bill 2024,2024-04-24,698,True,2026-03-23,
answered_since_schedule,Community Affairs Legislation,National Disability Insurance Scheme Amendment (Getting the NDIS Back on Track No. 1) Bill 2024 [Provisions],2024-06-20,693,True,2026-05-14,
answered_since_schedule,Economics References,"Improving consumer experiences, choice, and outcomes in Australia’s retirement system – existing and proposed superannuation for housing policies – interim report",2024-05-09,691,True,2026-03-31,
answered_since_schedule,Human Rights—Joint Statutory,Australia’s Human Rights Framework,2024-06-25,686,True,2026-05-12,
answered_since_schedule,Public works—Joint Standing Committee,4th report of 2024—Department of Defence — Facilities to Support Advanced Growler Phase 6,2024-06-25,686,True,2026-05-12,
answered_since_schedule,"Foreign Affairs, Defence and Trade—Joint Standing",Department of Defence annual report 2021-22,2023-09-14,679,True,2025-07-24,
answered_since_schedule,Public Accounts and Audit—Joint Statutory,Report 500— Inquiry into procurement at Services Australia and the NDIA - Interim Report,2023-09-14,679,False,2025-07-24,
answered_since_schedule,Public works—Joint Standing Committee,5th report of 2024—Department of Defence – Australian Defence Force Academy living-in accommodation project and other works,2024-07-02,679,False,2026-05-12,
answered_since_schedule,Legal and Constitutional Affairs Legislation,Migration Amendment (Removal and Other Measures) Bill 2024 [Provisions],2024-05-07,674,True,2026-03-12,
answered_since_schedule,Economics Legislation,Treasury Laws Amendment (Build to Rent) Bill 2024 and Capital Works (Build to Rent Misuse Tax) Bill 2024 [Provisions],2024-09-04,659,False,2026-06-25,
answered_since_schedule,"Foreign Affairs, Defence and Trade—Joint Standing",Supporting democracy in our region,2023-11-16,656,True,2025-09-02,
answered_since_schedule,Public Accounts and Audit—Joint Statutory,Report 499—Inquiry into annual performance statements 2021-22,2023-10-17,646,True,2025-07-24,
answered_since_schedule,"Foreign Affairs, Defence and Trade References",Australian support for Ukraine,2024-09-16,645,False,2026-06-23,
answered_since_schedule,Community Affairs Legislation,National Disability Insurance Scheme Amendment (Getting the NDIS Back on Track No. 1) Bill 2024,2024-08-09,643,False,2026-05-14,
answered_since_schedule,Legal and Constitutional Affairs Legislation,Copyright Legislation Amendment (Fair Pay for Radio Play) Bill 2023,2024-06-20,642,True,2026-03-24,
answered_since_schedule,Rural and Regional Affairs and Transport References,,2024-05-07,637,True,2026-02-03,no title in source row; 
answered_since_schedule,Public works—Joint Standing Committee,"6th report of 2024 – Department of Defence – Submarine Rotational Force – West, Priority Works, HMAS Stirling, Western Australia and other works",2024-08-20,630,False,2026-05-12,
answered_since_schedule,Finance and Public Administration References,Supporting the development of sovereign capability in the Australian tech sector,2024-06-28,612,True,2026-03-02,
answered_since_schedule,Environment and Communications Legislation,Nature Positive (Environment Information Australia) Bill 2024 [Provisions] and related bills,2024-09-09,610,False,2026-05-12,
answered_since_schedule,Economics References,Australian Securities and Investments Commission investigation and enforcement,2024-07-03,607,False,2026-03-02,
answered_since_schedule,Aboriginal and Torres Strait Islander Affairs— Joint Standing Committee,Inquiry into the application of the United Nations Declaration on the Rights of Indigenous Peoples in Australia,2023-11-28,604,True,2025-07-24,
answered_since_schedule,Electoral Matters—Joint Standing,Conduct of the 2022 federal election and other matters—Final report,2023-11-29,603,False,2025-07-24,
answered_since_schedule,Finance and Public Administration References,Management and assurance of integrity by consulting services—Final report,2024-06-12,601,True,2026-02-03,
answered_since_schedule,Community Affairs Legislation,Aged Care Bill 2024 [Provisions],2024-11-04,595,False,2026-06-22,
answered_since_schedule,Rural and Regional Affairs and Transport Legislation,Illegal Logging Prohibition Amendment (Strengthening Measures to Prevent Illegal Timber Trade) Bill 2024 [Provisions],2024-06-20,595,True,2026-02-05,
answered_since_schedule,Environment and Communications References,Middle Arm Industrial Precinct,2024-08-21,587,False,2026-03-31,
answered_since_schedule,Legal and Constitutional Affairs Legislation,"Criminal Code Amendment (Genocide, Crimes Against Humanity and War Crimes) Bill 2024",2024-11-13,586,False,2026-06-22,
answered_since_schedule,Education and Employment Legislation,Education Services for Overseas Students Amendment (Quality and Integrity) Bill 2024 [Provisions],2024-10-09,580,False,2026-05-12,
answered_since_schedule,"Foreign Affairs, Defence and Trade—Joint Standing",Department of Defence annual report 2022-23 report,2024-11-26,576,False,2026-06-25,
answered_since_schedule,Environment and Communications Legislation,Online Safety Amendment (Social Media Minimum Age) Bill 2024 [Provisions],2024-11-26,573,False,2026-06-22,
answered_since_schedule,"Foreign Affairs, Defence and Trade References",Wrongful detention of Australian citizens overseas,2024-11-28,572,False,2026-06-23,
answered_since_schedule,Economics Legislation,Future made in Australia Bill 2024 [Provisions] and Future Made in Australia (Omnibus Amendments No. 1) Bill 2024,2024-09-06,571,False,2026-03-31,
answered_since_schedule,Human Rights—Joint Statutory,Compulsory income management,2024-09-03,567,False,2026-03-24,
answered_since_schedule,Legal and Constitutional Affairs Legislation,Administrative Review Tribunal (Miscellaneous Measures) Bill 2024,2024-10-31,558,False,2026-05-12,
answered_since_schedule,Legal and Constitutional Affairs Legislation,Criminal Code Amendment (Hate Crimes) Bill 2024 [Provisions],2024-12-12,557,False,2026-06-22,
answered_since_schedule,Economics Legislation,Treasury Laws Amendment (Responsible Buy Now Pay Later and Other Measures) Bill 2024,2024-08-02,552,False,2026-02-05,
answered_since_schedule,Environment and Communications References,Optus network outage,2024-09-27,550,False,2026-03-31,
answered_since_schedule,Energy Planning and Regulation in Australia— Select Committee,Final report,2024-12-20,549,False,2026-06-22,
answered_since_schedule,"Foreign Affairs, Defence and Trade—Joint Standing",Australia’s tourism and international education sectors—‘are we there yet?’ from recovery to resilience – opportunities and challenges for Australia’s tourism sector – final report,2024-10-01,546,False,2026-03-31,
answered_since_schedule,Legal and Constitutional Affairs Legislation,Privacy and Other Legislation Amendment Bill 2024 [Provisions],2024-11-14,544,False,2026-05-12,
answered_since_schedule,Rural and Regional Affairs and Transport References,,2024-11-18,540,False,2026-05-12,no title in source row; 
answered_since_schedule,Rural and Regional Affairs and Transport References,"Social media: the good, the bad, and the ugly— Final report",2024-11-18,540,False,2026-05-12,
answered_since_schedule,Legal and Constitutional Affairs Legislation,Commission of Inquiry into Antisemitism at Australian Universities Bill 2024 (No. 2),2024-10-01,539,False,2026-03-24,
answered_since_schedule,Public works—Joint Standing Committee,Department of Defence — Explosive Ordnance Facilities Northern NSW Redevelopment project and other works,2024-11-19,539,False,2026-05-12,
answered_since_schedule,Adopting Artificial Intelligence—Senate Select,Interim report,2024-10-10,538,False,2026-04-01,
answered_since_schedule,Migration—Joint Standing,"Migration, pathway to nation building",2024-10-10,537,False,2026-03-31,
answered_since_schedule,Trade and Investment Growth—Joint Select,Inquiry into the Australian Government’s approach to negotiating trade and investment agreements— Interim report,2024-02-06,534,True,2025-07-24,
answered_since_schedule,"Foreign Affairs, Defence and Trade—Joint Standing",Pursuing the priorities of the Pacific: Inquiry into Australia’s alignment with the priorities of Pacific Island countries,2024-11-28,530,False,2026-05-12,
answered_since_schedule,Northern Australia—Joint Select,Northern Australia workforce development—Final report,2024-11-28,530,False,2026-05-12,
answered_since_schedule,Environment and Communications Legislation,Future made in Australia (Guarantee of Origin) Bill 2024[provisions],2024-10-31,516,False,2026-03-31,
answered_since_schedule,Tasmanian Freight Equalisation Scheme— Senate Select,Report,2024-12-19,509,False,2026-05-12,
answered_since_schedule,Legal and Constitutional Affairs Legislation,Family Law Amendment Bill 2024,2024-10-31,508,False,2026-03-23,
answered_since_schedule,"Foreign Affairs, Defence and Trade—Joint Standing",Australia’s efforts to advocate for the worldwide abolition of the death penalty,2025-02-04,506,False,2026-06-25,
answered_since_schedule,Economics Legislation,Scams Prevention Framework Bill 2024 [Provisions],2025-02-03,504,False,2026-06-22,
answered_since_schedule,"Foreign Affairs, Defence and Trade References",Australia’s sanctions regime,2025-02-11,504,False,2026-06-30,
answered_since_schedule,Economics References,"Improving consumer experiences, choice, and outcomes in Australia’s retirement system: superannuation fund governance arrangements— Third interim report",2025-02-13,502,False,2026-06-30,
answered_since_schedule,Economics Legislation,Tax Laws Amendment (Incentivising Food Donations to Charitable Organisations) Bill 2024,2024-11-15,501,False,2026-03-31,
answered_since_schedule,Adopting Artificial Intelligence—Senate Select,Final report,2024-11-26,491,False,2026-04-01,
answered_since_schedule,Aboriginal and Torres Strait Islander Affairs— Joint Standing Committee,Economic self-determination and opportunities for First Nations Australians,2024-11-26,490,False,2026-03-31,
answered_since_schedule,Public Accounts and Audit—Joint Statutory,Report 502—The never-ending quest for the golden thread: Probity and ethics in the Australian public sector,2024-06-27,487,False,2025-10-27,
answered_since_schedule,Public Accounts and Audit—Joint Statutory,Report 503—Inquiry into the Defence major projects report 2020-21 and 2021-22 and procurement of Hunter Class Frigates: Final report,2024-06-27,487,False,2025-10-27,
answered_since_schedule,Public Accounts and Audit—Joint Statutory,Report 504—Inquiry into procurement at Services Australia and the NDIA: Final report,2024-06-27,487,False,2025-10-27,
answered_since_schedule,Economics Legislation,Treasury Laws Amendment (Mergers and Acquisitions Reform) Bill 2024 [Provisions],2024-11-15,482,False,2026-03-12,
answered_since_schedule,Treaties—Joint Standing,,2024-11-27,482,False,2026-03-24,no title in source row; 
answered_since_schedule,Legal and Constitutional Affairs References,Right wing extremist movements in Australia,2024-12-06,480,False,2026-03-31,
answered_since_schedule,Community Affairs References,"Equitable access to diagnosis and treatment for individuals with rare and less common cancers, including neuroendocrine cancer",2024-05-17,468,True,2025-08-28,
answered_since_schedule,"Foreign Affairs, Defence and Trade—Joint Standing",Australia’s thematic sanctions framework: A legislated review of the operation of the Autonomous Sanctions Amendment (Magnitsky- style and other Thematic Sanctions) Act 2021,2025-03-25,462,False,2026-06-30,
answered_since_schedule,Electoral Matters—Joint Standing,From classroom to community: Civics education and political participation in Australia,2025-02-05,461,False,2026-05-12,
answered_since_schedule,Corporations and Financial Services–Joint Statutory,"Ethics and professional accountability: Structural challenges in the audit, assurance and consultancy industry",2024-11-07,455,False,2026-02-05,
answered_since_schedule,National Capital and External Territories— Joint Standing,Australia’s Antarctic territory: Inquiry into the importance of Antarctica to Australia’s National Interests,2025-02-11,455,False,2026-05-12,
answered_since_schedule,Rural and Regional Affairs and Transport Legislation,National Organic Standard Bill 2024,2025-02-11,455,False,2026-05-12,
answered_since_schedule,Rural and Regional Affairs and Transport References,Australian winegrape purchases code of conduct,2025-02-28,438,False,2026-05-12,
answered_since_schedule,Corporations and Financial Services–Joint Statutory,Financial abuse: an insidious form of domestic violence,2024-12-05,427,False,2026-02-05,
answered_since_schedule,Economics Legislation,Future Made in Australia (Production Tax Credits and Other Measures) Bill 2024 [Provisions],2025-01-31,424,False,2026-03-31,
answered_since_schedule,Environment and Communications References,No time to waste: Waste reduction and recycling policies,2025-04-24,424,False,2026-06-22,
answered_since_schedule,Legal and Constitutional Affairs Legislation,Migration Amendment (Strengthening Sponsorship and Nomination Processes) Bill 2024 [Provisions],2024-09-02,420,False,2025-10-27,
answered_since_schedule,Corporations and Financial Services–Joint Statutory,Wholesale investor and wholesale client tests,2025-02-13,411,False,2026-03-31,
answered_since_schedule,Northern Australia—Joint Select,Cyclone reinsurance pool—Final report,2025-03-27,411,False,2026-05-12,
answered_since_schedule,Human Rights—Joint Statutory,Antisemitism at Australian universities,2025-02-13,404,False,2026-03-24,
answered_since_schedule,Legal and Constitutional Affairs References,Australia’s youth justice and incarceration system,2025-02-28,396,False,2026-03-31,
answered_since_schedule,Environment and Communications References,Offshore wind industry consultation process,2025-06-05,382,False,2026-06-22,
answered_since_schedule,Community Affairs References,Excess mortality,2024-08-30,363,False,2025-08-28,
answered_since_schedule,Environment and Communications Legislation,National Broadband Network Companies Amendment (Commitment to Public Ownership) Bill 2024 [Provisions],2025-02-06,362,False,2026-02-03,
answered_since_schedule,Economics References,Residential electrification,2025-03-31,358,False,2026-03-24,
answered_since_schedule,Legal and Constitutional Affairs Legislation,Anti-Money Laundering and Counter-Terrorism Financing Amendment Bill 2024 [Provisions],2024-11-13,348,False,2025-10-27,
answered_since_schedule,Community Affairs References,Issues relating to menopause and perimenopause,2024-09-18,344,False,2025-08-28,
answered_since_schedule,Public Accounts and Audit—Joint Statutory,Report 506—Inquiry into Commonwealth financial statements 2022-23,2024-11-19,343,False,2025-10-28,
answered_since_schedule,Public Accounts and Audit—Joint Statutory,Report 505—Inquiry into policy and program design and implementation,2024-11-19,342,False,2025-10-27,
answered_since_schedule,Rural and Regional Affairs and Transport References,Impact and mitigation of aircraft noise,2024-11-27,341,False,2025-11-03,
answered_since_schedule,Education and Employment Legislation,Better and Fairer Schools (Funding and Reform) Bill 2024 [Provisions],2024-11-18,281,False,2025-08-26,
answered_since_schedule,Education and Employment Legislation,Wage justice for early childhood education and care workers (special account) Bill 2024 [provisions],2024-10-30,274,False,2025-07-31,
answered_since_schedule,Finance and Public Administration Legislation,Workplace Gender Equality Amendment (Setting Gender Equality Targets) Bill 2024 [Provisions],2025-01-30,270,False,2025-10-27,
answered_since_schedule,Public Accounts and Audit—Joint Statutory,Report 507—Defence 2023-24 major projects report,2025-02-04,266,False,2025-10-28,
answered_since_schedule,Economics References,Not-for-profit entities – tax assessments,2024-11-01,265,False,2025-07-24,
answered_since_schedule,PFAS—Select Committee,Interim report,2025-03-14,249,False,2025-11-18,
answered_since_schedule,Rural and Regional Affairs and Transport References,Shutdown of the 3G mobile network,2025-02-26,243,False,2025-10-27,
answered_since_schedule,Education and Employment Legislation,Free TAFE Bill 2024 [Provisions],2025-02-27,242,False,2025-10-27,
answered_since_schedule,Community Affairs References,Access to diagnosis and treatment for people in Australia with tick-borne diseases,2025-03-27,224,False,2025-11-06,
answered_since_schedule,Public Accounts and Audit—Joint Statutory,Report 509—Public sector information technology procurement and projects,2025-03-25,217,False,2025-10-28,
answered_since_schedule,Public Accounts and Audit—Joint Statutory,Report 510—Use and governance of artificial intelligence systems by public sector entities,2025-03-25,217,False,2025-10-28,
answered_since_schedule,Public Accounts and Audit—Joint Statutory,Report 511—Contract management frameworks operated by Commonwealth entities,2025-03-25,217,False,2025-10-28,
answered_since_schedule,Intelligence and Security—Joint Statutory,Transport Security Amendment (Security of Australia’s Transport Sector) Bill 2024— Advisory report,2025-03-25,216,False,2025-10-27,
answered_since_schedule,Legal and Constitutional Affairs Legislation,Oversight Legislation Amendment (Robodebt Royal Commission Response and Other Measures) Bill 2024 [Provisions],2025-01-30,215,False,2025-09-02,
answered_since_schedule,Public Accounts and Audit—Joint Statutory,Report 512—Inquiry into the administration of Commonwealth regulations,2025-03-27,215,False,2025-10-28,
answered_since_schedule,Legal and Constitutional Affairs Legislation,Commonwealth Workplace Protection Orders Bill 2024 [Provisions],2025-03-14,132,False,2025-07-24,
answered_since_schedule,"Foreign Affairs, Defence and Trade References",Defence honours and awards system,2025-06-19,130,False,2025-10-27,
outstanding,Public Accounts and Audit—Joint Statutory,Report 460—Public Sector Governance Inquiry based on Auditor-General’s report 29 (2015-16),2017-02-16,3481,True,,
outstanding,Human Rights—Joint Statutory,Freedom of speech in Australia,2017-03-21,3448,True,,
outstanding,Public Accounts and Audit—Joint Statutory,Report 463—Commonwealth Financial Statements—Inquiry based on Auditor-General’s report No. 33,2017-09-05,3280,False,,
outstanding,Environment and Communications References,"Australia’s faunal extinction crisis: Environmental protections for native grasslands, and the conduct of Ministers—Interim report",2019-12-04,2460,True,,
outstanding,Rural and Regional Affairs and Transport Legislation,Performance of the Australian Maritime Safety Authority,2020-06-17,2264,True,,
outstanding,Public Accounts and Audit—Joint Statutory,Report 485—Cyber Resilience: Inquiry into Auditor-General’s reports 1 and 13 (2019-20),2020-12-10,2088,False,,
outstanding,Corporations and Financial Services–Joint Statutory,Litigation funding and the regulation of the class action industry,2020-12-21,2077,True,,
outstanding,Job Security—Select Committee,First interim report: on-demand platform work in Australia,2021-06-24,1892,False,,
outstanding,Job Security—Select Committee,Labour hire and contracting—Third interim report,2021-11-30,1733,False,,
outstanding,COVID-19—Senate Select,Public interest immunity claims—Third interim report,2021-12-01,1732,True,,
outstanding,Public Accounts and Audit—Joint Statutory,Report 488—Commonwealth financial statements 2019-20,2022-07-27,1494,False,,
outstanding,Public Accounts and Audit—Joint Statutory,Report 489—Defence major projects report (2019-20),2022-07-27,1494,False,,
outstanding,Public Accounts and Audit—Joint Statutory,Report 490—Alternative financing mechanisms,2022-07-27,1494,False,,
outstanding,Public Accounts and Audit—Joint Statutory,Report 491—Review of the Auditor-General Act 1997,2022-07-27,1494,False,,
outstanding,Migration—Joint Standing,,2022-11-10,1388,True,,no title in source row; 
outstanding,Environment and Communications References,Oil and gas exploration and production in the Beetaloo Basin—Final report,2023-04-19,1228,True,,
outstanding,Cost of Living—Senate Select,Interim report,2023-05-03,1214,True,,
outstanding,Law Enforcement—Joint Statutory,Law enforcement capabilities in relation to child exploitation,2023-11-29,1004,True,,
outstanding,Economics References,Influence of international digital platforms,2023-11-30,1003,True,,
outstanding,Economics References,"Improving consumer experiences, choice and outcomes in Australia’s retirement system: superannuation for mortgage offset- Second interim report",2024-09-19,709,False,,
outstanding,Cost of Living—Senate Select,,2024-11-15,652,False,,no title in source row; 
outstanding,Economics References,Financial regulatory framework and home ownership,2024-11-28,639,False,,
outstanding,Trade and Investment Growth—Joint Select,Inquiry into the understanding and utilisation of benefits under free trade agreements—Final report,2025-02-28,547,False,,
outstanding,Constitutional Recognition of Aboriginal and Torres Strait Islander Peoples—Joint Select,Final Report,,,True,,unparsed date; 
outstanding,Economics Legislation,Treasury Laws Amendment (Fairer for Families and Farmers and Other Measures) Bill 2024 [Provisions],,,False,,unparsed date; 
