response_id,response_tabled,classification,query,best_candidate_id,best_candidate_tabled,best_candidate_title,score_normalised,verdict,note
150,2022-08-18,substantive,Australia's sovereign naval shipbuilding capability,,,,0.00,no candidate,the search returns no committee document tabled before the response
164,2022-04-21,substantive,Advocating for the elimination of child and forced marriage,,,,0.00,no candidate,the search returns no committee document tabled before the response
405,2022-10-13,substantive,Accountability and justice: Why we need a Royal Commission into Robodebt - October 2022,11399,2022-07-27,"Aged Care Quality and Safety—Royal Commission—Aged care and COVID-19: a special report—Document presented by Ms Wells, 27 July 2022",0.23,not in the register,nothing close; the report predates the Tabled Documents register or is not in it
406,2022-10-13,substantive,Inquiry into Centrelink’s Compliance Program - Fifth interim report - October 2022,388,2022-09-30,"Report No. 139—Financial services legislation—Interim report B, September 2022",0.29,not in the register,nothing close; the report predates the Tabled Documents register or is not in it
715,2022-11-03,substantive,Online Safety Bill 2021 [Provisions] and Online Safety (Transitional Provisions and Consequential Amendments) Bill 2021 [Provisions] - November 2022,197,2022-08-31,Climate Change Bill 2022 [Provisions] and Climate Change (Consequential Amendments) Bill 2022 [Provisions],0.38,not in the register,nothing close; the report predates the Tabled Documents register or is not in it
771,2022-11-17,substantive,Human Rights: Final report into certain aspects of the Department of Foreign Affairs and Trade Annual Report 2019-20,562,2022-10-25,Australian Human Rights Commission Annual Report 2021-22,0.27,not in the register,nothing close; the report predates the Tabled Documents register or is not in it
772,2022-11-17,substantive,Advisory Report on the National Security Legislation Amendment (Comprehensive Review and Other Measures No. 1) Bill 2021,116,2022-08-03,"2021-22 Review of the Legislation Act 2003—Report, June 2022",0.33,not in the register,nothing close; the report predates the Tabled Documents register or is not in it
921,2022-12-08,substantive,"Services, support and life outcomes for autistic Australians, December 2022",575,2022-10-25,International Air Services Commission Annual Report 2021-22,0.12,not in the register,nothing close; the report predates the Tabled Documents register or is not in it
941,2022-12-16,substantive,Territories Stolen Generations Redress Scheme (Facilitation) Bill 2021 [Provisions] and Territories Stolen Generations Redress Scheme (Consequential Amendments) Bill 2021 [Provisions],197,2022-08-31,Climate Change Bill 2022 [Provisions] and Climate Change (Consequential Amendments) Bill 2022 [Provisions],0.22,not in the register,nothing close; the report predates the Tabled Documents register or is not in it
964,2023-01-19,substantive,Senate Community Affairs Legislation Committee - Inquiry into the Social Services Legislation Amendment (Enhancing Pensioner and Veteran Workforce Participation) Bill 2022,389,2022-09-30,Social Services Legislation Amendment (Enhancing Pensioner and Veteran Workforce Participation) Bill 2022,0.73,below the bar,a candidate exists but the titles differ by more than a bracketed date
965,2023-01-19,substantive,"Report 3 2020 - National Education Centre for the Great Barrier Reef, Reef HQ",222,2022-09-06,Commonwealth Grants Commission annual report 2020-21—Replacement,0.14,not in the register,nothing close; the report predates the Tabled Documents register or is not in it
986,2023-02-02,substantive,Current scheme implementation and forecasting for the NDIS,704,2022-11-03,National Disability Insurance Scheme (NDIS) Quality and Safeguards Commission Annual Report 2021-22,0.20,not in the register,nothing close; the report predates the Tabled Documents register or is not in it
1102,2023-02-09,substantive,General Issues 2021,,,,0.00,no candidate,the search returns no committee document tabled before the response
1140,2023-02-20,substantive,"Review of the mandatory data retention regime, February 2023",1087,2023-02-08,"Scrutiny digest 1 of 2023, 8 February 2023",0.29,not in the register,nothing close; the report predates the Tabled Documents register or is not in it
1143,2023-02-23,substantive,"Inquiry into the human rights of women and girls in the Pacific, February 2023",1096,2023-02-09,Human rights scrutiny report 1 of 2023 [8 February 2023],0.57,not in the register,nothing close; the report predates the Tabled Documents register or is not in it
1231,2023-03-02,substantive,Inquiry into Independent Assessments,313,2022-09-26,2021 Annual and Final Report of the Independent Scientific Committee on Wind Turbines,0.14,not in the register,nothing close; the report predates the Tabled Documents register or is not in it
1324,2023-03-07,substantive,National security risks affecting the Australian higher education and research sector,,,,0.00,no candidate,the search returns no committee document tabled before the response
1346,2023-03-09,substantive,Annual Reports No. 2 of 2010,1359,2023-03-09,Annual reports (No. 1 of 2023) [March 2023],0.50,not in the register,nothing close; the report predates the Tabled Documents register or is not in it
1509,2023-03-21,substantive,Data Availability and Transparency Bill 2020 [Provisions] and Data Availability and Transparency (Consequential Amendments) Bill 2020 [Provisions] April 2021,706,2022-11-03,Office of the National Data Commissioner Annual Report 2021-22,0.25,not in the register,nothing close; the report predates the Tabled Documents register or is not in it
1568,2023-03-22,substantive,Hope is not a strategy – our shared responsibility for the future of work and workers,1360,2023-03-09,Select Committee on Work and Care - Final report [March 2023],0.11,not in the register,nothing close; the report predates the Tabled Documents register or is not in it
1704,2023-04-06,substantive,"Systemic, sustained and shameful: unlawful underpayment of employees’ remuneration",,,,0.00,no candidate,the search returns no committee document tabled before the response
1716,2023-04-20,substantive,NDIS Quality and Safeguards Commissioner,704,2022-11-03,National Disability Insurance Scheme (NDIS) Quality and Safeguards Commission Annual Report 2021-22,0.30,not in the register,nothing close; the report predates the Tabled Documents register or is not in it
1717,2023-04-20,substantive,Inquiry into the adequacy and efficacy of Australia's anti-money laundering and counter-terrorism financing (AML/CTF) regime,1674,2023-03-29,Report on proposed recommendations for appointments to the National Anti-Corruption Commission,0.09,not in the register,nothing close; the report predates the Tabled Documents register or is not in it
1743,2023-05-09,substantive,Regulation of the use of financial services such as credit cards and digital wallets for online gambling in Australia,155,2022-08-24,Social Services and Other Legislation Amendment (Lifting the Income Limit for the Commonwealth Seniors Health Card) Bill 2022 [Provisions],0.09,not in the register,nothing close; the report predates the Tabled Documents register or is not in it
2841,2023-07-13,substantive,National Disability Insurance Scheme Amendment (Participant Service Guarantee and Other Measures) Bill 2021,704,2022-11-03,National Disability Insurance Scheme (NDIS) Quality and Safeguards Commission Annual Report 2021-22,0.50,not in the register,nothing close; the report predates the Tabled Documents register or is not in it
3386,2023-09-14,substantive,Administration of the referendum into an Aboriginal and Torres Strait Islander Voice,2400,2023-06-09,Administration of the referendum into an Aboriginal and Torres Strait Islander Voice [June 2023],1.00,confirmed,"one candidate, exact after normalising a trailing bracketed date; committee and date order both agree"
3427,2023-09-14,substantive,"Review of police powers in relation to terrorism, the control order regime, the preventative detention order regime and the continuing detention order regime",2064,2023-05-11,Review of the Counter-Terrorism (Temporary Exclusion Orders) Act 2019 [April 2023],0.18,not in the register,nothing close; the report predates the Tabled Documents register or is not in it
3519,2023-10-09,substantive,Driving Reform: final report for the Inquiry into Road Safety,11348,2022-07-27,Driving reform: Final report for the inquiry into road safety [March 2022],1.00,confirmed,"one candidate, exact after normalising a trailing bracketed date; committee and date order both agree"
4130,2023-11-09,substantive,Conduct of the 2022 federal election and other matters – Interim Report,2565,2023-06-20,Conduct of the 2022 federal election and other matters [Interim report - June 2023],0.75,below the bar,a candidate exists but the titles differ by more than a bracketed date
4165,2023-12-07,substantive,Shark mitigation and deterrent measures,,,,0.00,no candidate,the search returns no committee document tabled before the response
4166,2023-11-14,substantive,Public communications campaigns targeting drug and substance abuse,642,2022-10-26,Australian Communications and Media Authority and eSafety Commissioner Annual Report 2021-22,0.14,not in the register,nothing close; the report predates the Tabled Documents register or is not in it
4490,2023-12-07,substantive,Practice of dowry and the incidence of dowry abuse in Australia,3448,2023-09-29,"Nature and extent of violence, abuse, neglect and exploitation [Final report - volume 3]",0.12,not in the register,nothing close; the report predates the Tabled Documents register or is not in it
4520,2023-12-14,substantive,Effectiveness of the Australian Government’s Northern Australia Agenda,4360,2023-11-30,Northern Australia Workforce Development: First Report [November 2023],0.25,not in the register,nothing close; the report predates the Tabled Documents register or is not in it
4724,2024-01-18,substantive,Aged Care and Other Legislation Amendment (Royal Commission Response No. 2) Bill 2021,545,2022-10-25,Aged Care Quality and Safety Commission Annual Report 2021-22,0.57,not in the register,nothing close; the report predates the Tabled Documents register or is not in it
4774,2024-01-25,substantive,Senate Economics Legislation Committee - Offshore Petroleum and Greenhouse Gas Storage Amendment (Benefit to Australia) Bill 2020,769,2022-11-17,Offshore Electricity Infrastructure Legislation Amendment Bill 2022 [Provisions],0.11,not in the register,nothing close; the report predates the Tabled Documents register or is not in it
5550,2024-03-27,substantive,Inquiry into the Fair Work Commission Annual Report 2019-2020,3806,2023-10-18,Fair Work Commission Annual Report 2022-23,0.67,below the bar,a candidate exists but the titles differ by more than a bracketed date
5631,2024-04-11,substantive,The national trend of school refusal and related matters,3063,2023-08-10,The national trend of school refusal and related matters [August 2023],1.00,confirmed,"one candidate, exact after normalising a trailing bracketed date; committee and date order both agree"
5745,2024-05-02,proforma_closure,Carbon Credits (Carbon Farming Initiative) Amendment Bill 2017 [Provisions],,,,0.00,no candidate,the search returns no committee document tabled before the response
5746,2024-05-02,proforma_closure,Clean Energy Finance Corporation Amendment (Grid Reliability Fund) Bill 2020,1363,2023-03-10,National Reconstruction Fund Corporation Bill 2022 [Provisions],0.25,not in the register,nothing close; the report predates the Tabled Documents register or is not in it
5748,2024-05-02,proforma_closure,"Current and future impacts of climate change on housing, buildings and infrastructure",,,,0.00,no candidate,the search returns no committee document tabled before the response
5750,2024-05-02,proforma_closure,Direct Action: Paying polluters to halt global warming,3646,2023-10-11,Australia's trade and investment opportunities in a global green economy [October 2023],0.14,not in the register,nothing close; the report predates the Tabled Documents register or is not in it
5751,2024-05-02,proforma_closure,Retirement of coal fired power stations – Final report,3446,2023-09-29,Voices of people with disability [Final report - volume 1],0.17,not in the register,nothing close; the report predates the Tabled Documents register or is not in it
5753,2024-05-02,proforma_closure,Retirement of coal fired power stations - Interim Report,388,2022-09-30,"Report No. 139—Financial services legislation—Interim report B, September 2022",0.17,not in the register,nothing close; the report predates the Tabled Documents register or is not in it
5759,2024-05-02,proforma_closure,Stability and Affordability: Forging a path to Australia's renewable energy future,11385,2023-03-06,Your Future Planning: Interim report on ParentsNext [February 2023],0.14,not in the register,nothing close; the report predates the Tabled Documents register or is not in it
5812,2024-05-09,proforma_closure,A National Disgrace: The Exploitation of Temporary Work Visa Holders,3806,2023-10-18,Fair Work Commission Annual Report 2022-23,0.14,not in the register,nothing close; the report predates the Tabled Documents register or is not in it
5814,2024-05-09,proforma_closure,Lessons to be learned in relation to the Australian bushfire season 2019-20,76,2022-07-28,Additional estimates 2019-20,0.17,not in the register,nothing close; the report predates the Tabled Documents register or is not in it
5815,2024-05-09,proforma_closure,Issues facing diaspora communities in Australia,1776,2023-05-09,General issues 2021 [correction],0.25,not in the register,nothing close; the report predates the Tabled Documents register or is not in it
5817,2024-05-09,proforma_closure,Migration Amendment (Clarification of Jurisdiction) Bill 2018,264,2022-09-08,Additional estimates 2018-19,0.25,not in the register,nothing close; the report predates the Tabled Documents register or is not in it
5818,2024-05-09,proforma_closure,Migration Amendment (Strengthening the Character Test) Bill 2021 [Provisions],3172,2023-08-31,Migration Amendment (Strengthening Employer Compliance) Bill 2023 [Provisions] [August 2023],0.40,not in the register,nothing close; the report predates the Tabled Documents register or is not in it
5821,2024-05-09,proforma_closure,Migration and Citizenship Legislation Amendment (Strengthening Information Provisions) Bill 2020 [Provisions],3172,2023-08-31,Migration Amendment (Strengthening Employer Compliance) Bill 2023 [Provisions] [August 2023],0.40,not in the register,nothing close; the report predates the Tabled Documents register or is not in it
5829,2024-05-09,proforma_closure,Migration and Maritime Powers Legislation Amendment (Resolving the Asylum Legacy Caseload) Bill 2014 [Provisions],3172,2023-08-31,Migration Amendment (Strengthening Employer Compliance) Bill 2023 [Provisions] [August 2023],0.12,not in the register,nothing close; the report predates the Tabled Documents register or is not in it
5830,2024-05-09,proforma_closure,National Emergency Declaration Act 2020,1088,2023-02-08,National Emergency (2022 New South Wales Floods) Declaration 2022,0.38,not in the register,nothing close; the report predates the Tabled Documents register or is not in it
5831,2024-05-09,proforma_closure,New Skilled Regional Visas (Consequential Amendments) Bill 2019 [Provisions],3921,2023-10-23,Nature Repair Market Bill 2023 [Provisions] and Nature Repair Market (Consequential Amendments) Bill 2023 [Provisions],0.29,not in the register,nothing close; the report predates the Tabled Documents register or is not in it
5833,2024-05-09,proforma_closure,Effectiveness of the current temporary skilled visa system in targeting genuine skills shortages,11401,2022-07-27,"Final report: Care, dignity and respect—Volume 2: The current system—Document presented by Ms Wells, 27 July 2022",0.17,not in the register,nothing close; the report predates the Tabled Documents register or is not in it
5835,2024-05-09,proforma_closure,Australia's Skilled Migration Program,,,,0.00,no candidate,the search returns no committee document tabled before the response
5836,2024-05-09,proforma_closure,Efficacy of current regulation of Australian migration and education agents,3638,2023-10-11,Higher Education Support Amendment (Response to the Australian Universities Accord Interim Report) Bill 2023 [Provisions] [October 2023],0.14,not in the register,nothing close; the report predates the Tabled Documents register or is not in it
5837,2024-05-09,proforma_closure,Review processes associated with visa cancellations made on criminal grounds,3423,2023-09-14,Review of the 2023 relisting of three organisations as terrorist organisations under the Criminal Code,0.22,not in the register,nothing close; the report predates the Tabled Documents register or is not in it
5838,2024-05-09,proforma_closure,Working Holiday Maker Program,,,,0.00,no candidate,the search returns no committee document tabled before the response
5839,2024-05-09,proforma_closure,Ways of protecting and strengthening Australia’s multiculturalism and social inclusion,2848,2023-07-24,Social Services and Other Legislation Amendment (Strengthening the Safety Net) Bill 2023 [July 2023],0.33,not in the register,nothing close; the report predates the Tabled Documents register or is not in it
5840,2024-05-09,proforma_closure,Temporary Migration Final Report,3456,2023-09-29,Disability services [Final report - volume 10],0.25,not in the register,nothing close; the report predates the Tabled Documents register or is not in it
5844,2024-05-09,proforma_closure,"Public Governance, Performance and Accountability Amendment (Tax Transparency in Procurement and Grants) Bill 2019",5371,2024-03-18,"Public Governance, Performance and Accountability Amendment (Vaccine Indemnity) Bill 2023",0.44,not in the register,nothing close; the report predates the Tabled Documents register or is not in it
5845,2024-05-10,proforma_closure,Social Security Legislation Amendment (Streamlined Participation Requirements and Other Measures) Bill 2021 [Provisions],3169,2023-08-31,Social Security and Other Legislation Amendment (Miscellaneous Measures) Bill 2023 [Provisions] [August 2023],0.33,not in the register,nothing close; the report predates the Tabled Documents register or is not in it
5846,2024-05-10,proforma_closure,ParentsNext: examination of Social Security (Parenting payment participation requirements – class of persons) Instrument 2021,417,2022-10-13,"Appropriations, Staffing and Security Committee annual report 2021–22 - October 2022",0.17,not in the register,nothing close; the report predates the Tabled Documents register or is not in it
5853,2024-05-10,proforma_closure,Telling Australia’s story – and why it’s important: Report on the inquiry into Canberra’s national institutions,11164,2023-12-07,Australian food story: Feeding the nation and beyond: Inquiry into food security in Australia,0.14,not in the register,nothing close; the report predates the Tabled Documents register or is not in it
5893,2024-05-14,proforma_closure,Advisory report on the Commonwealth Electoral Amendment (Real Time Disclosure of Political Donations) Bill 2019,63,2022-07-27,"Report 488: Commonwealth financial statements 2019-20—Report, March 2022",0.22,not in the register,nothing close; the report predates the Tabled Documents register or is not in it
5896,2024-05-14,proforma_closure,Commonwealth Electoral Amendment (Lowering the Donation Disclosure Threshold) Bill 2019,63,2022-07-27,"Report 488: Commonwealth financial statements 2019-20—Report, March 2022",0.29,not in the register,nothing close; the report predates the Tabled Documents register or is not in it
5897,2024-05-14,proforma_closure,Report on the Candidate Qualification Checklist,44,2022-07-26,Qualification checklists for elected senators: 2022 Federal election,0.14,not in the register,nothing close; the report predates the Tabled Documents register or is not in it
5898,2024-05-14,proforma_closure,Advisory report on the Commonwealth Electoral Amendment (Ensuring Fair Representation of the Northern Territory) Bill 2020,222,2022-09-06,Commonwealth Grants Commission annual report 2020-21—Replacement,0.22,not in the register,nothing close; the report predates the Tabled Documents register or is not in it
5899,2024-05-14,proforma_closure,Interim report on the inquiry into the conduct of the 2013 Federal Election: Senate voting practices,2565,2023-06-20,Conduct of the 2022 federal election and other matters [Interim report - June 2023],0.50,not in the register,nothing close; the report predates the Tabled Documents register or is not in it
5900,2024-05-14,substantive,Second interim report on the inquiry into the conduct of the 2013 federal election: An assessment of electronic voting options,2565,2023-06-20,Conduct of the 2022 federal election and other matters [Interim report - June 2023],0.40,not in the register,nothing close; the report predates the Tabled Documents register or is not in it
5901,2024-05-14,proforma_closure,The 2013 Federal Election: Report on all aspects of the conduct of the 2013 election and matters related thereto,2565,2023-06-20,Conduct of the 2022 federal election and other matters [Interim report - June 2023],0.50,not in the register,nothing close; the report predates the Tabled Documents register or is not in it
5902,2024-05-14,proforma_closure,Third interim report on the inquiry into the conduct of the 2016 federal election: AEC modernisation,2565,2023-06-20,Conduct of the 2022 federal election and other matters [Interim report - June 2023],0.50,not in the register,nothing close; the report predates the Tabled Documents register or is not in it
5903,2024-05-14,proforma_closure,Excluded: The impact of section 44 on Australian democracy,4191,2023-11-16,Supporting democracy in our region [November 2023],0.25,not in the register,nothing close; the report predates the Tabled Documents register or is not in it
5904,2024-05-14,proforma_closure,Report on the conduct of the 2016 federal election and matters related thereto,4324,2023-11-29,Conduct of the 2022 federal election and other matters [November 2023],0.67,below the bar,a candidate exists but the titles differ by more than a bracketed date
5905,2024-05-14,proforma_closure,Report on the conduct of the 2019 federal election and matters related thereto,4324,2023-11-29,Conduct of the 2022 federal election and other matters [November 2023],0.67,below the bar,a candidate exists but the titles differ by more than a bracketed date
5907,2024-05-14,substantive,"Interim report on all aspects of the conduct of the 2019 Federal Election and matters related thereto Delegation to the International Grand Committee, Dublin, Ireland",2565,2023-06-20,Conduct of the 2022 federal election and other matters [Interim report - June 2023],0.36,not in the register,nothing close; the report predates the Tabled Documents register or is not in it
5909,2024-05-14,proforma_closure,Inquiry into factors contributing to the growth and sustainability of the Australian music industry,1379,2023-03-17,5-year Productivity Inquiry: Keys to growth Inquiry report – volume 2 [Report no. 100 - 7 February 2023],0.12,not in the register,nothing close; the report predates the Tabled Documents register or is not in it
5912,2024-05-14,proforma_closure,Sculpting a National Cultural Plan: Igniting a post-COVID economy for the arts,5851,2024-05-09,National Cultural Policy: Interim report,0.22,not in the register,nothing close; the report predates the Tabled Documents register or is not in it
5913,2024-05-14,substantive,Strengthening Australia’s Relationships in the Pacific,5719,2024-05-01,Strengthening Australia's approach to trade negotiations [April 2024],0.25,not in the register,nothing close; the report predates the Tabled Documents register or is not in it
5915,2024-05-14,proforma_closure,Smart farming - inquiry into agricultural innovation,1382,2023-03-17,5-year Productivity Inquiry: Innovation for the 98% Inquiry report – volume 5 [Report no. 100 - 7 February 2023],0.14,not in the register,nothing close; the report predates the Tabled Documents register or is not in it
5917,2024-05-14,partial_proforma,Growing Australia,,,,0.00,no candidate,the search returns no committee document tabled before the response
5918,2024-05-14,proforma_closure,Review of Part 14 of the Telecommunications Act 1997 – Telecommunications Sector Security Reforms,66,2022-07-27,"Report 491: Review of the Auditor-General Act 1997—Report, March 2022",0.29,not in the register,nothing close; the report predates the Tabled Documents register or is not in it
5919,2024-05-14,proforma_closure,Aussie logs for Aussie jobs: Inquiry into timber supply chain constraints in the Australian plantation sector,,,,0.00,no candidate,the search returns no committee document tabled before the response
5921,2024-05-14,proforma_closure,Supporting a strong future for Australian aquaculture: Inquiry into the Australian aquaculture sector,5565,2024-03-27,"Recognising, valuing and  supporting unpaid carers: Inquiry into the recognition of unpaid carers",0.17,not in the register,nothing close; the report predates the Tabled Documents register or is not in it
5922,2024-05-14,proforma_closure,Security Legislation Amendment (Critical Infrastructure) Bill 2020 and Statutory Review of the Security of Critical Infrastructure Act 2018,5459,2024-03-21,Advisory Report on the National Security Legislation Amendment (Comprehensive Review and Other Measures No. 3) Bill 2023 [March 2024],0.29,not in the register,nothing close; the report predates the Tabled Documents register or is not in it
5923,2024-05-14,proforma_closure,Security Legislation Amendment (Critical Infrastructure Protection) Bill 2022,769,2022-11-17,Offshore Electricity Infrastructure Legislation Amendment Bill 2022 [Provisions],0.40,not in the register,nothing close; the report predates the Tabled Documents register or is not in it
5924,2024-05-14,proforma_closure,Powering Our Future,1681,2023-03-30,Housing Australia Future Fund Bill 2023 [Provisions] and related bills,0.25,not in the register,nothing close; the report predates the Tabled Documents register or is not in it
5926,2024-05-14,proforma_closure,Broadcasting Legislation Amendment (2021 Measures No. 1) Bill 2021,377,2022-09-28,Standing Committee for the Scrutiny of Delegated Legislation annual report for 2021,0.20,not in the register,nothing close; the report predates the Tabled Documents register or is not in it
5927,2024-05-14,proforma_closure,Participation of Australians in online poker,11383,2023-08-02,"You win some, you lose more: Online gambling and its impacts on those experiencing gambling harm",0.09,not in the register,nothing close; the report predates the Tabled Documents register or is not in it
5929,2024-05-14,proforma_closure,Commonwealth Electoral Amendment (Banning Dirty Donations) Bill 2020,222,2022-09-06,Commonwealth Grants Commission annual report 2020-21—Replacement,0.33,not in the register,nothing close; the report predates the Tabled Documents register or is not in it
5930,2024-05-14,proforma_closure,Commonwealth Electoral Amendment (Donation Reform and Other Measures) Bill 2020,222,2022-09-06,Commonwealth Grants Commission annual report 2020-21—Replacement,0.33,not in the register,nothing close; the report predates the Tabled Documents register or is not in it
5931,2024-05-14,substantive,Commonwealth Electoral Amendment (Integrity of Elections) Bill 2021,628,2022-10-26,Australian Electoral Commission Annual Report 2021-22,0.40,not in the register,nothing close; the report predates the Tabled Documents register or is not in it
5933,2024-05-14,proforma_closure,Migration (Validation of Port Appointments) Bill 2018,264,2022-09-08,Additional estimates 2018-19,0.20,not in the register,nothing close; the report predates the Tabled Documents register or is not in it
5934,2024-05-14,substantive,Political Influence of Donations,4357,2023-11-30,Influence of international digital platforms [November 2023],0.25,not in the register,nothing close; the report predates the Tabled Documents register or is not in it
5988,2024-05-15,proforma_closure,Powering our future,1681,2023-03-30,Housing Australia Future Fund Bill 2023 [Provisions] and related bills,0.25,not in the register,nothing close; the report predates the Tabled Documents register or is not in it
5989,2024-05-15,substantive,Advisory report on the inquiry into the Australian Local Power Agency Bill 2021 and Australian Local Power Agency (Consequential Amendments) Bill 2021,4325,2023-11-28,Restoring Democracy: Report of the inquiry into local governance on Norfolk Island,0.14,not in the register,nothing close; the report predates the Tabled Documents register or is not in it
5993,2024-05-23,proforma_closure,Australia Post,,,,0.00,no candidate,the search returns no committee document tabled before the response
5994,2024-06-25,proforma_closure,Integrity of Australia’s Border Arrangements,62,2022-07-27,The performance and integrity of Australia’s administrative review system,0.20,not in the register,nothing close; the report predates the Tabled Documents register or is not in it
5995,2024-05-15,proforma_closure,Inquiry into factors contributing to the growth and sustainability of the Australian film and television industry,1379,2023-03-17,5-year Productivity Inquiry: Keys to growth Inquiry report – volume 2 [Report no. 100 - 7 February 2023],0.12,not in the register,nothing close; the report predates the Tabled Documents register or is not in it
6019,2024-05-17,proforma_closure,"Nationhood, national identity and democracy",4191,2023-11-16,Supporting democracy in our region [November 2023],0.25,not in the register,nothing close; the report predates the Tabled Documents register or is not in it
6020,2024-05-17,substantive,Primary Industries (Excise) Levies Bill 2023 [Provisions] and related bills,4896,2024-02-05,Primary Industries (Excise) Levies Bill 2023 [Provisions] and related bills [February 2024],1.00,confirmed,"one candidate, exact after normalising a trailing bracketed date; committee and date order both agree"
6024,2024-05-17,proforma_closure,APS Inc: undermining public sector capability and performance,5371,2024-03-18,"Public Governance, Performance and Accountability Amendment (Vaccine Indemnity) Bill 2023",0.29,not in the register,nothing close; the report predates the Tabled Documents register or is not in it
6033,2024-05-16,proforma_closure,Inquiry into constitutional reform and referendums,11348,2022-07-27,Driving reform: Final report for the inquiry into road safety [March 2022],0.20,not in the register,nothing close; the report predates the Tabled Documents register or is not in it
6041,2024-05-16,substantive,Division required? Electronic voting in the House of Representatives,,,,0.00,no candidate,the search returns no committee document tabled before the response
6044,2024-05-16,proforma_closure,Role of the Federation Chamber - Celebrating 20 years of operation,,,,0.00,no candidate,the search returns no committee document tabled before the response
6059,2024-05-16,substantive,Maintenance of the standing orders,4181,2023-11-29,Standing Committee for the Scrutiny of Bills annual report for 2022,0.25,not in the register,nothing close; the report predates the Tabled Documents register or is not in it
6068,2024-05-17,proforma_closure,"Serious allegations of abuse, self-harm and neglect of asylum seekers in relation to the Nauru Regional Processing Centre, and any like allegations in relation to the Manus Regional Processing Centre",3448,2023-09-29,"Nature and extent of violence, abuse, neglect and exploitation [Final report - volume 3]",0.12,not in the register,nothing close; the report predates the Tabled Documents register or is not in it
6069,2024-05-17,proforma_closure,Migration Amendment (Prohibiting Items in Immigration Detention Facilities) Bill 2017,260,2022-09-08,Budget estimates 2017-18 (Supplementary),0.14,not in the register,nothing close; the report predates the Tabled Documents register or is not in it
6070,2024-05-17,proforma_closure,Migration Amendment (Prohibiting Items in Immigration Detention Facilities) Bill 2020,1329,2023-03-07,Migration Amendment (Evacuation to Safety) Bill 2023,0.14,not in the register,nothing close; the report predates the Tabled Documents register or is not in it
6144,2024-05-23,proforma_closure,The Australian Manufacturing Industry,12103,2023-11-30,"Sovereign, smart, sustainable: Driving advanced manufacturing in Australia",0.17,not in the register,nothing close; the report predates the Tabled Documents register or is not in it
6145,2024-05-23,proforma_closure,Environment Protection and Biodiversity Conservation Amendment (Standing) Bill 2015 [Provisions],61,2022-07-27,Environment Protection and Biodiversity Conservation Amendment (Standards and Assurance) Bill 2021,0.57,not in the register,nothing close; the report predates the Tabled Documents register or is not in it
6146,2024-05-23,proforma_closure,Water Amendment (Purchase Limit Repeal) Bill 2019,4142,2023-11-10,Water Amendment (Restoring Our Rivers) Bill 2023 [Provisions] [November 2023],0.20,not in the register,nothing close; the report predates the Tabled Documents register or is not in it
6147,2024-05-23,proforma_closure,Adequacy of the regulatory framework governing water use by the extractive industry,3450,2023-09-29,Governing for inclusion [Final report - volume 5],0.12,not in the register,nothing close; the report predates the Tabled Documents register or is not in it
6148,2024-05-23,proforma_closure,"Impact of feral deer, pigs and goats in Australia",3668,2023-10-13,Impacts and management of feral horses in the Australian Alps [October 2023],0.20,not in the register,nothing close; the report predates the Tabled Documents register or is not in it
6149,2024-05-23,proforma_closure,In hot water: the impacts of climate change on marine fisheries and biodiversity,,,,0.00,no candidate,the search returns no committee document tabled before the response
6150,2024-05-23,proforma_closure,Never waste a crisis: the waste and recycling industry in Australia,5077,2024-02-15,The worsening rental crisis in Australia [Corrigendum],0.20,not in the register,nothing close; the report predates the Tabled Documents register or is not in it
6151,2024-05-23,proforma_closure,Rehabilitation of mining and resources projects and power station ash dams as it relates to Commonwealth responsibilities,,,,0.00,no candidate,the search returns no committee document tabled before the response
6152,2024-05-23,proforma_closure,The impacts of mining in the Murray-Darling Basin,5154,2024-02-27,Report no. 103 - Murray-Darling Basin Plan: Implementation review 2023 [19 December 2023],0.33,not in the register,nothing close; the report predates the Tabled Documents register or is not in it
6153,2024-05-23,proforma_closure,Toxic tide: the threat of marine plastic pollution in Australia,,,,0.00,no candidate,the search returns no committee document tabled before the response
6155,2024-05-23,partial_proforma,Trade in elephant ivory and rhino horn,5719,2024-05-01,Strengthening Australia's approach to trade negotiations [April 2024],0.20,not in the register,nothing close; the report predates the Tabled Documents register or is not in it
6156,2024-05-23,proforma_closure,Final report and report on Constitution Alteration (Water Resources) 2019,29,2022-06-30,Constitution Alteration (Freedom of Expression and Freedom of the Press) 2019,0.50,not in the register,nothing close; the report predates the Tabled Documents register or is not in it
6158,2024-05-23,proforma_closure,Current requirements for labelling of seafood and seafood products,3419,2023-09-14,Current and proposed sexual consent laws in Australia [September 2023],0.20,not in the register,nothing close; the report predates the Tabled Documents register or is not in it
6159,2024-05-23,proforma_closure,Identification of leading practices in ensuring evidence-based regulation of farm practices that impact water quality outcomes in the Great Barrier Reef,1371,2023-03-15,Human rights scrutiny report 3 of 2023 - Quality of Care Amendment (Restrictive Practices) Principles 2022  [15 March 2023],0.12,not in the register,nothing close; the report predates the Tabled Documents register or is not in it
6160,2024-05-23,proforma_closure,Integrity of the water market in the Murray-Darling Basin,5154,2024-02-27,Report no. 103 - Murray-Darling Basin Plan: Implementation review 2023 [19 December 2023],0.33,not in the register,nothing close; the report predates the Tabled Documents register or is not in it
6161,2024-05-23,proforma_closure,Interim report: The impact of mining coal seam gas on the management of the Murray-Darling Basin,5154,2024-02-27,Report no. 103 - Murray-Darling Basin Plan: Implementation review 2023 [19 December 2023],0.30,not in the register,nothing close; the report predates the Tabled Documents register or is not in it
6162,2024-05-23,proforma_closure,Water Legislation Amendment (Inspector-General of Water Compliance and Other Measures) Act 2021,1506,2023-03-21,Advisory Report on the Inspector-General of Intelligence and Security and Other Legislation Amendment (Modernisation) Bill 2022,0.29,not in the register,nothing close; the report predates the Tabled Documents register or is not in it
6163,2024-05-23,proforma_closure,Inquiry into Australia’s Future in Research and Innovation,1382,2023-03-17,5-year Productivity Inquiry: Innovation for the 98% Inquiry report – volume 5 [Report no. 100 - 7 February 2023],0.14,not in the register,nothing close; the report predates the Tabled Documents register or is not in it
6164,2024-05-23,proforma_closure,Report 189 - Capital Increase WBG IBRD; Capital Increase WBG IFC; Amendments CMS; Termination IPPA-Indonesia,,,,0.00,no candidate,the search returns no committee document tabled before the response
6209,2024-05-28,proforma_closure,Living With Fruit Bats,1729,2023-05-03,Select Committee on the Cost of Living: Interim report [May 2023],0.25,not in the register,nothing close; the report predates the Tabled Documents register or is not in it
6210,2024-05-28,proforma_closure,Making Every Drop Count,1700,2023-03-31,Inquiry into international armed conflict decision making [March 2023],0.20,not in the register,nothing close; the report predates the Tabled Documents register or is not in it
6211,2024-05-28,proforma_closure,Report on the inquiry into impediments to business investment,567,2022-10-25,Australian Trade and Investment Commission Annual Report 2021-22,0.20,not in the register,nothing close; the report predates the Tabled Documents register or is not in it
6226,2024-05-30,proforma_closure,Smart ICT: Report on the inquiry into the role of smart ICT in the design and planning of infrastructure,12103,2023-11-30,"Sovereign, smart, sustainable: Driving advanced manufacturing in Australia",0.17,not in the register,nothing close; the report predates the Tabled Documents register or is not in it
6227,2024-06-25,proforma_closure,"Economic, social and environmental sustainability in the Indian Ocean Territories",,,,0.00,no candidate,the search returns no committee document tabled before the response
6228,2024-05-30,proforma_closure,Pride of Place – Inquiry into the future of Regional Australia,6186,2024-05-24,Bank closures in regional Australia: Protecting the future of regional banking,0.33,not in the register,nothing close; the report predates the Tabled Documents register or is not in it
6229,2024-06-25,proforma_closure,Availability and access to enabling communications infrastructure in Australia’s external territories,3451,2023-09-29,Enabling autonomy and access [Final report - volume 6],0.29,not in the register,nothing close; the report predates the Tabled Documents register or is not in it
6235,2024-06-07,proforma_closure,"Inquiry into the indictors of, and impact of, regional inequality in Australia",6186,2024-05-24,Bank closures in regional Australia: Protecting the future of regional banking,0.17,not in the register,nothing close; the report predates the Tabled Documents register or is not in it
6236,2024-06-07,proforma_closure,"Toll Roads: issues of building, financing and charging",764,2022-11-17,Australian Building and Construction Commission Annual Report 2021–22,0.17,not in the register,nothing close; the report predates the Tabled Documents register or is not in it
6237,2024-06-07,proforma_closure,The use and manufacture of electric vehicles in Australia,,,,0.00,no candidate,the search returns no committee document tabled before the response
6238,2024-05-31,substantive,Fair Work Legislation Amendment (Closing Loopholes No.2) Bill 2023 [Provisions],4795,2024-02-01,Fair Work Legislation Amendment (Closing Loopholes No. 2) Bill 2023 [Provisions] [February 2024],1.00,confirmed,"one candidate, exact after normalising a trailing bracketed date; committee and date order both agree"
6239,2024-06-07,proforma_closure,The administration and expenditure of funding under the Urban Congestion Fund,735,2022-11-16,Emergency Response Fund Amendment (Disaster Ready Fund) Bill 2022 [Provisions],0.14,not in the register,nothing close; the report predates the Tabled Documents register or is not in it
6240,2024-06-25,proforma_closure,Expanding the membership of the Comprehensive and Progressive Trans-Pacific Partnership,5459,2024-03-21,Advisory Report on the National Security Legislation Amendment (Comprehensive Review and Other Measures No. 3) Bill 2023 [March 2024],0.14,not in the register,nothing close; the report predates the Tabled Documents register or is not in it
6241,2024-06-25,proforma_closure,"One Region, One Family, One Future: Deepening relations with the Pacific nations through trade",3454,2023-09-29,First Nations people with disability [Final report - volume 9],0.18,not in the register,nothing close; the report predates the Tabled Documents register or is not in it
6242,2024-06-07,proforma_closure,Australia’s declarations made under certain international laws,5066,2002-10-23,Report on a Certain Maritime Incident,0.20,not in the register,nothing close; the report predates the Tabled Documents register or is not in it
6243,2024-06-07,proforma_closure,Inquiry into opportunities for strengthening Australia’s relations with the Republic of France,5719,2024-05-01,Strengthening Australia's approach to trade negotiations [April 2024],0.17,not in the register,nothing close; the report predates the Tabled Documents register or is not in it
6246,2024-06-07,proforma_closure,Air Services Amendment Bill 2018,575,2022-10-25,International Air Services Commission Annual Report 2021-22,0.33,not in the register,nothing close; the report predates the Tabled Documents register or is not in it
6247,2024-06-07,proforma_closure,Australia’s general aviation industry,,,,0.00,no candidate,the search returns no committee document tabled before the response
6248,2024-06-07,proforma_closure,Future role and contribution of regional capitals to Australia,6186,2024-05-24,Bank closures in regional Australia: Protecting the future of regional banking,0.33,not in the register,nothing close; the report predates the Tabled Documents register or is not in it
6249,2024-06-07,proforma_closure,"The policy, regulatory, taxation, administrative and funding priorities for Australian shipping",5260,2024-02-28,Inquiry into the Administrative Review Tribunal Bill 2023 and the Administrative Review Tribunal (Consequential and Transitional Provisions No.1) Bill 2023,0.14,not in the register,nothing close; the report predates the Tabled Documents register or is not in it
6250,2024-06-07,proforma_closure,"The future of Australia’s aviation sector, in the context of COVID-19 and conditions post pandemic",5660,2024-04-19,COVID-19 Royal Commission [April 2024],0.12,not in the register,nothing close; the report predates the Tabled Documents register or is not in it
6404,2024-06-20,proforma_closure,An inquiry into the establishment of a fund to support rural and manufacturing industries,850,2022-11-23,National Rural Health Commissioner Annual Report for 2021-22,0.17,not in the register,nothing close; the report predates the Tabled Documents register or is not in it
6406,2024-06-20,proforma_closure,COAG Legislation Amendment Bill 2021,5332,2024-03-14,COAG Legislation Amendment Bill 2023 [Provisions],0.50,not in the register,nothing close; the report predates the Tabled Documents register or is not in it
6407,2024-06-20,proforma_closure,Plebiscite for an Australian Republic Bill 2008,2527,2023-06-15,Report 209: Treaty on Extradition between Australia and the Czech Republic [June 2023],0.17,not in the register,nothing close; the report predates the Tabled Documents register or is not in it
6408,2024-06-20,proforma_closure,Compliance by former Ministers of State with the requirements of the Prime Minister’s Statement of Ministerial Standards,,,,0.00,no candidate,the search returns no committee document tabled before the response
6409,2024-06-20,proforma_closure,Staff employed under the Members of Parliament (Staff) Act 1984,5155,2024-02-15,Report concerning the registration and declaration on Members' interests during 2023 [February 2024],0.14,not in the register,nothing close; the report predates the Tabled Documents register or is not in it
6410,2024-06-20,proforma_closure,A claim of public interest immunity raised over documents,2564,2023-06-20,Australian Securities and Investments Commission investigation and enforcement - Interim Report: Public interest immunity claims [June 2023],0.30,not in the register,nothing close; the report predates the Tabled Documents register or is not in it
6411,2024-06-20,proforma_closure,The road to a republic,11348,2022-07-27,Driving reform: Final report for the inquiry into road safety [March 2022],0.20,not in the register,nothing close; the report predates the Tabled Documents register or is not in it
6415,2024-06-20,proforma_closure,2nd Report of 2020 – Referrals made November 2019 and February 2020,11342,2022-08-04,"Report 492: Governance in the stewardship of public resources: Inquiry into Auditor-General’s reports 11, 31 and 39 (2019-20) and 2 and 9 (2020-21)",0.22,not in the register,nothing close; the report predates the Tabled Documents register or is not in it
6416,2024-06-20,proforma_closure,Policy and process to limit and reduce red tape,6414,2024-06-20,National cultural policy [Progress Report],0.17,not in the register,nothing close; the report predates the Tabled Documents register or is not in it
6418,2024-06-20,proforma_closure,Australia’s oil and gas reserves,1505,2023-04-13,Oil and gas exploration in the Beetaloo Basin - Progress report,0.33,not in the register,nothing close; the report predates the Tabled Documents register or is not in it
6419,2024-06-20,proforma_closure,Interim Report,3421,2023-09-14,Australia’s Disaster Resilience interim report [September 2023],0.33,not in the register,nothing close; the report predates the Tabled Documents register or is not in it
6458,2024-06-24,proforma_closure,Keep it in the regions: mining and resources industry support for businesses in regional economies,,,,0.00,no candidate,the search returns no committee document tabled before the response
6633,2024-08-13,proforma_closure,Treasury Laws Amendment (Cyclone and Flood Damage Reinsurance Pool) Bill 2022 [Provisions],1645,2023-03-30,Inquiry into the Cyclone Reinsurance Pool First report [March 2023],0.50,not in the register,nothing close; the report predates the Tabled Documents register or is not in it
6634,2024-08-13,proforma_closure,"Financial Accountability Regime Bill 2021 [Provisions], Financial Sector Reform (Hayne Royal Commission Response No.3) Bill 2021 [Provisions], Financial Services Compensation Scheme of Last Resort Levy Bill 2021 [Provisions], and Financial Services Compensation Scheme of Last Resort Levy (Collection) Bill 2021 [Provisions]",520,2022-10-24,"Financial Accountability Regime Bill 2022 [Provisions], Financial Sector Reform Bill 2022 [Provisions], Financial Services Compensation Scheme of Last Resort Levy Bill 2022 [Provisions] and Financial Services Compensation Scheme of Last Resort Levy (Collection) Bill 2022 [Provisions]",0.75,below the bar,a candidate exists but the titles differ by more than a bracketed date
6635,2024-08-13,proforma_closure,Sterling Income Trust,2582,2023-06-21,PwC: A Calculated Breach of Trust [June 2023],0.25,not in the register,nothing close; the report predates the Tabled Documents register or is not in it
6636,2024-08-13,proforma_closure,Corporations Amendment (Improving Outcomes for Litigation Funding Participants) Bill 2021,5852,2024-05-09,"Improving consumer experiences, choice, and outcomes in Australia’s retirement system [Interim report]",0.25,not in the register,nothing close; the report predates the Tabled Documents register or is not in it
6637,2024-08-13,proforma_closure,Offshore Petroleum (Laminaria and Corallina Decommissioning Cost Recovery Levy) Bill 2021 [Provisions] and Treasury Laws Amendment (Laminaria and Corallina Decommissioning Cost Recovery Levy) Bill 2021 [Provisions],5498,2024-03-22,Offshore Petroleum and Greenhouse Gas Storage Legislation Amendment (Safety and Other Measures) Bill 2024 [Provisions],0.22,not in the register,nothing close; the report predates the Tabled Documents register or is not in it
6639,2024-08-13,proforma_closure,Australian Business Growth Fund Bill 2019 [Provisions],1681,2023-03-30,Housing Australia Future Fund Bill 2023 [Provisions] and related bills,0.25,not in the register,nothing close; the report predates the Tabled Documents register or is not in it
6640,2024-08-13,proforma_closure,Treasury Laws Amendment (News Media and Digital Platforms Mandatory Bargaining Code) Bill 2020,4357,2023-11-30,Influence of international digital platforms [November 2023],0.25,not in the register,nothing close; the report predates the Tabled Documents register or is not in it
6641,2024-08-13,proforma_closure,Foreign Investment Reform (Protecting Australia's National Security) Bill 2020 [Provisions] and Foreign Acquisitions and Takeovers Fees Imposition Amendment Bill 2020 [Provisions],2327,2023-06-06,Social Security (Administration) Amendment (Income Management Reform) Bill 2023 [Provisions] [June 2023],0.18,not in the register,nothing close; the report predates the Tabled Documents register or is not in it
6642,2024-08-13,proforma_closure,Treasury Laws Amendment (Self Managed Superannuation Funds) Bill 2020,5866,2024-05-10,Treasury Laws Amendment (Better Targeted Superannuation Concessions and Other Measures) Bill 2023 [Provisions] and Superannuation (Better Targeted Superannuation Concessions) Imposition Bill 2023 [Provisions] [May 2024],0.17,not in the register,nothing close; the report predates the Tabled Documents register or is not in it
6643,2024-08-13,proforma_closure,Treasury Laws Amendment (Research and Development Tax Incentive) Bill 2019 [Provisions],5867,2024-05-10,Treasury Laws Amendment (Tax Accountability and Fairness) Bill 2023 [Provisions] [May 2024],0.20,not in the register,nothing close; the report predates the Tabled Documents register or is not in it
6644,2024-08-13,proforma_closure,National Consumer Credit Protection Amendment (Small Amount Credit Contract and Consumer Lease Reforms) Bill 2019 (No. 2),5361,2024-03-15,Competition and Consumer Amendment (Fair Go for Consumers and Small Business) Bill 2024 [Provisions] [March 2024],0.20,not in the register,nothing close; the report predates the Tabled Documents register or is not in it
6646,2024-08-13,proforma_closure,Performance of the Inspector-General of Taxation,1725,2023-04-28,Inspector-General of Aged Care Bill 2023 [Provisions] and Inspector-General of Aged Care (Consequential and Transitional Provisions) Bill 2023 [Provisions] [April 2023],0.29,not in the register,nothing close; the report predates the Tabled Documents register or is not in it
6647,2024-08-13,proforma_closure,Competition and Consumer Amendment (Prevention of Exploitation of Indigenous Cultural Expressions) Bill 2019,5361,2024-03-15,Competition and Consumer Amendment (Fair Go for Consumers and Small Business) Bill 2024 [Provisions] [March 2024],0.25,not in the register,nothing close; the report predates the Tabled Documents register or is not in it
6648,2024-08-13,proforma_closure,Currency (Restrictions on the Use of Cash) Bill 2019 [Provisions],,,,0.00,no candidate,the search returns no committee document tabled before the response
6649,2024-08-13,proforma_closure,Resolution of disputes with financial service providers within the justice system,1211,2023-03-06,Parliamentary Service Commissioner Report 2021-22 Incorporating the report of the Parliamentary Workplace Support Service and the report of the Parliamentary Service Merit Protection Commissioner,0.11,not in the register,nothing close; the report predates the Tabled Documents register or is not in it
6650,2024-08-13,proforma_closure,Credit and hardship: report of the Senate inquiry into credit and financial products targeted at Australians at risk of financial hardship,2631,2023-06-29,Report 497: Inquiry into Commonwealth Financial Statements 2021–22 [June 2023],0.12,not in the register,nothing close; the report predates the Tabled Documents register or is not in it
6651,2024-08-13,proforma_closure,"Regulatory framework for the protection of consumers in the banking, insurance and financial services sector",4586,2023-12-20,Select Committee on the Perth Mint and Commonwealth Regulatory Compliance interim report - December 2023,0.11,not in the register,nothing close; the report predates the Tabled Documents register or is not in it
6652,2024-08-13,proforma_closure,National Consumer Credit Protection Amendment (Mandatory Comprehensive Credit Reporting) Bill 2018 [Provisions],5459,2024-03-21,Advisory Report on the National Security Legislation Amendment (Comprehensive Review and Other Measures No. 3) Bill 2023 [March 2024],0.25,not in the register,nothing close; the report predates the Tabled Documents register or is not in it
6653,2024-08-13,proforma_closure,"Corporate tax avoidance - Part III: Much heat, little light so far",189,2022-08-25,Australian Sports Commission—Corporate plan 2022-26,0.10,not in the register,nothing close; the report predates the Tabled Documents register or is not in it
6654,2024-08-13,proforma_closure,Treasury Laws Amendment (Reducing Pressure on Housing Affordability Measures (No.2) Bill 2018 [Provisions] and Foreign Acquisitions and Takeovers Fees Imposition Amendment (Near-new Dwelling Interests) Bill 2018 [Provisions],3935,2023-10-24,"Housing Australia Future Fund Bill 2023 [No. 2] [Provisions], National Housing Supply and Affordability Council Bill 2023 [No. 2] [Provisions] and Treasury Laws Amendment (Housing Measures No. 1) Bill 2023 [No. 2] [Provisions] 24 October 2023]",0.14,not in the register,nothing close; the report predates the Tabled Documents register or is not in it
6656,2024-08-13,proforma_closure,Superbad - Wage theft and non-compliance of the Superannuation Guarantee,5866,2024-05-10,Treasury Laws Amendment (Better Targeted Superannuation Concessions and Other Measures) Bill 2023 [Provisions] and Superannuation (Better Targeted Superannuation Concessions) Imposition Bill 2023 [Provisions] [May 2024],0.14,not in the register,nothing close; the report predates the Tabled Documents register or is not in it
6657,2024-08-13,proforma_closure,"Effect of red tape on the sale, supply and taxation of alcohol — Interim report",3649,2023-10-12,Higher Education Support Amendment (Response to the Australian Universities Accord Interim Report) Bill 2023 [Provisions] [Dissenting report],0.12,not in the register,nothing close; the report predates the Tabled Documents register or is not in it
6658,2024-08-13,proforma_closure,Superannuation (Objective) Bill 2016 [Provisions],5572,2024-03-28,Superannuation (Objective) Bill 2023 [Provisions],0.67,below the bar,a candidate exists but the titles differ by more than a bracketed date
6659,2024-08-13,proforma_closure,Corporate tax avoidance—Part II: Gaming the system,,,,0.00,no candidate,the search returns no committee document tabled before the response
6660,2024-08-13,proforma_closure,Corporate tax avoidance: Part I – You cannot tax what you cannot see,,,,0.00,no candidate,the search returns no committee document tabled before the response
6661,2024-08-13,proforma_closure,COAG Reform Fund Amendment (No Electric Vehicle Taxes) Bill 2020,5332,2024-03-14,COAG Legislation Amendment Bill 2023 [Provisions],0.14,not in the register,nothing close; the report predates the Tabled Documents register or is not in it
6662,2024-08-13,proforma_closure,Corporations Amendment (Improving Outcomes for Litigation Funding Participants) Bill 2021,5852,2024-05-09,"Improving consumer experiences, choice, and outcomes in Australia’s retirement system [Interim report]",0.25,not in the register,nothing close; the report predates the Tabled Documents register or is not in it
6663,2024-08-13,proforma_closure,Regulation of Auditing in Australia: Final Report,11384,2023-11-30,Rebuilding employment services: Final report on Workforce Australia Employment Services [November 2023],0.20,not in the register,nothing close; the report predates the Tabled Documents register or is not in it
6664,2024-08-13,proforma_closure,Regulation of auditing in Australia – Interim Report,3421,2023-09-14,Australia’s Disaster Resilience interim report [September 2023],0.33,not in the register,nothing close; the report predates the Tabled Documents register or is not in it
6665,2024-08-13,proforma_closure,Report on the 2017-2018 annual reports of bodies established under the ASIC Act,2836,2023-07-11,Report on the 2021-2022 annual reports of bodies established under the ASIC Act,0.71,below the bar,a candidate exists but the titles differ by more than a bracketed date
6666,2024-08-13,proforma_closure,"Statutory Oversight of the Australian Securities and Investments Commission, the Takeovers Panel and the Corporations Legislation: Report No. 1 of the 45th Parliament",2835,2023-07-10,"Statutory inquiry into ASIC, the Takeovers Panel, and the corporations legislation: ASIC Licence transfers [Interim - July 2023]",0.40,not in the register,nothing close; the report predates the Tabled Documents register or is not in it
6667,2024-08-13,proforma_closure,Options for greater involvement by private sector life insurers in worker rehabilitation,4375,2023-12-04,Report to the Australian Senate on anti-competitive and other practices by health insurers and providers in relation to private health insurance for the period 1 July 2022 to 30 June 2023,0.13,not in the register,nothing close; the report predates the Tabled Documents register or is not in it
6668,2024-08-13,proforma_closure,Life Insurance Industry,,,,0.00,no candidate,the search returns no committee document tabled before the response
6669,2024-08-13,proforma_closure,Impairment of Customer Loans,2045,2023-05-10,Education and Other Legislation Amendment (Abolishing Indexation and Raising the Minimum Repayment Income for Education and Training Loans) Bill 2022 [additional information],0.08,not in the register,nothing close; the report predates the Tabled Documents register or is not in it
6670,2024-08-13,proforma_closure,The Prudential Regulation of Investment in Australia's Export Industries,567,2022-10-25,Australian Trade and Investment Commission Annual Report 2021-22,0.20,not in the register,nothing close; the report predates the Tabled Documents register or is not in it
6715,2024-07-04,proforma_closure,Inquiry into the implications of common ownership and capital concentration in Australia,5996,2024-06-25,A Capital for All Australians Report of the inquiry into fostering and promoting the significance of Australia's National Capital [May 2024],0.14,not in the register,nothing close; the report predates the Tabled Documents register or is not in it
6716,2024-07-04,proforma_closure,Report on the inquiry into the implications of removing refundable franking credits,5114,2024-02-06,"Inquiry into the implications of severe weather events on the national regional, rural, and remote road network",0.10,not in the register,nothing close; the report predates the Tabled Documents register or is not in it
6717,2024-07-04,proforma_closure,Review of the Four Major Banks (Third Report),1344,2023-03-08,Review of the 2022 relisting of four organisations as terrorist organisations under the Criminal Code [February 2023],0.22,not in the register,nothing close; the report predates the Tabled Documents register or is not in it
6718,2024-07-04,proforma_closure,Owning a Share of Your Work: Tax Treatment of Employee Share Schemes,3806,2023-10-18,Fair Work Commission Annual Report 2022-23,0.12,not in the register,nothing close; the report predates the Tabled Documents register or is not in it
6719,2024-07-04,proforma_closure,2018-19 Commissioner of Taxation Annual Report,3822,2023-10-18,Office of the Australian Information Commissioner Annual Report 2022-23,0.40,not in the register,nothing close; the report predates the Tabled Documents register or is not in it
6720,2024-07-04,proforma_closure,The Development of the Australian Corporate Bond Market: A Way Forward,189,2022-08-25,Australian Sports Commission—Corporate plan 2022-26,0.17,not in the register,nothing close; the report predates the Tabled Documents register or is not in it
6721,2024-07-04,proforma_closure,"2017 Annual Report of the Australian Taxation Office: Fairness, functions and frameworks - performance review",452,2022-10-19,Office of the Australian Information Commissioner Annual Report 2021-22,0.22,not in the register,nothing close; the report predates the Tabled Documents register or is not in it
6722,2024-07-04,proforma_closure,The Australian Dream - Inquiry into housing affordability and supply in Australia,,,,0.00,no candidate,the search returns no committee document tabled before the response
6723,2024-07-04,substantive,"Your Future Planning, Rebuilding Employment Services",11384,2023-11-30,Rebuilding employment services: Final report on Workforce Australia Employment Services [November 2023],0.50,not in the register,nothing close; the report predates the Tabled Documents register or is not in it
6754,2024-07-11,proforma_closure,Vaccine Related Fraud and Security Risks,3459,2023-10-04,"Appropriations, Staffing and Security Committee annual report 2022–23 [October 2023]",0.20,not in the register,nothing close; the report predates the Tabled Documents register or is not in it
6932,2024-08-09,proforma_closure,Media Diversity in Australia,5715,2024-04-30,Murdoch Media Inquiry Bill 2023 [Progress report],0.25,not in the register,nothing close; the report predates the Tabled Documents register or is not in it
7094,2024-08-20,substantive,Eighty Seventh Annual Report,5549,2024-05-14,Eighty Seventh Annual Report (2023),1.00,confirmed,"one candidate, exact after normalising a trailing bracketed date; committee and date order both agree"
7543,2024-10-03,proforma_closure,"Inquiry into the purpose, intent and adequacy of the Disability Support Pension",1182,2023-03-01,"Inquiry into community safety, support services and job opportunities in the Northern Territory [February 2023]",0.12,not in the register,nothing close; the report predates the Tabled Documents register or is not in it
7566,2024-10-03,proforma_closure,Hospital funding cuts: the perfect storm: The demolition of Federal-State health relations 2014-2016,3730,2023-11-07,Election Funding and Disclosure Report - Federal Election 2022,0.17,not in the register,nothing close; the report predates the Tabled Documents register or is not in it
7591,2024-10-03,proforma_closure,Mental health: A consensus for action,833,2022-11-21,National Mental Health Commission Annual Report 2021-22,0.33,not in the register,nothing close; the report predates the Tabled Documents register or is not in it
7592,2024-10-03,proforma_closure,Big health data: Australia's big potential,706,2022-11-03,Office of the National Data Commissioner Annual Report 2021-22,0.17,not in the register,nothing close; the report predates the Tabled Documents register or is not in it
7595,2024-10-03,substantive,Opportunities for advancing Australia’s strategic interests through existing regional architecture,5155,2024-02-15,Report concerning the registration and declaration on Members' interests during 2023 [February 2024],0.12,not in the register,nothing close; the report predates the Tabled Documents register or is not in it
7643,2024-10-11,substantive,Impact of changes to service delivery models on the administration and running of Government programs,11289,2023-05-11,"Appropriations and Administration Report No. 26: Budget estimates 2023-24—Report, May 2023",0.12,not in the register,nothing close; the report predates the Tabled Documents register or is not in it
8251,2024-11-14,proforma_closure,"Provision of general practitioner and related primary health services to outer metropolitan, rural and regional Australians - Interim Report",14,2022-06-20,"Provision of general practitioner and related primary health services to outer metropolitan, rural, and regional Australians",0.92,confirmed by hand,the response says Interim Report and the committee's title carries no stage word; probable but not established without the committee's own page
8252,2024-11-14,proforma_closure,COVID-19: First Interim Report,5660,2024-04-19,COVID-19 Royal Commission [April 2024],0.33,not in the register,nothing close; the report predates the Tabled Documents register or is not in it
8253,2024-11-14,proforma_closure,COVID-19: Final Report,5660,2024-04-19,COVID-19 Royal Commission [April 2024],0.33,not in the register,nothing close; the report predates the Tabled Documents register or is not in it
8363,2024-11-20,substantive,AUSTRALIAN RESEARCH COUNCIL AMENDMENT (ENSURING RESEARCH INDEPENDENCE) BILL 2018,,,,0.00,no candidate,the search returns no committee document tabled before the response
8364,2024-11-26,substantive,Project known as the Iron Boomerang,3061,2023-08-10,Project known as the Iron Boomerang [August 2023],1.00,confirmed,"one candidate, exact after normalising a trailing bracketed date; committee and date order both agree"
8557,2024-12-05,substantive,Funding for public research into foreign policy issues,3050,2023-08-09,Report 498: ‘Commitment issues’ - an inquiry into Commonwealth procurement [August 2023],0.17,not in the register,nothing close; the report predates the Tabled Documents register or is not in it
8583,2024-12-05,substantive,"Effective Approaches To Prevention, Diagnosis And Support For Fetal Alcohol Spectrum Disorder",6058,2024-05-17,"Equitable access to diagnosis and treatment for individuals with rare and less common cancers, including neuroendocrine cancer",0.08,not in the register,nothing close; the report predates the Tabled Documents register or is not in it
9041,2025-01-23,proforma_closure,2019-2020 annual reports of bodies established under the ASIC Act,2836,2023-07-11,Report on the 2021-2022 annual reports of bodies established under the ASIC Act,0.71,below the bar,a candidate exists but the titles differ by more than a bracketed date
9189,2025-02-04,substantive,Inquiry into the Export Control Amendment (Ending Live Sheep Exports by Sea) Bill 2024,6483,2024-06-24,Standing Committee on Agriculture—Advisory Report: Export Control Amendment (Ending Live Sheep Exports by  Sea) Bill 2024,0.73,below the bar,a candidate exists but the titles differ by more than a bracketed date
9714,2025-03-06,substantive,Conduct of the 2022 federal election and other matters – Final Report,4324,2023-11-29,Conduct of the 2022 federal election and other matters [November 2023],0.83,confirmed by hand,"the final report is titled by date, not by the word final; the interim is labelled interim, so the candidate is the final one"
12106,2023-11-30,substantive,Don't take it as read: Inquiry into adult literacy and its importance,,,,0.00,no candidate,the search returns no committee document tabled before the response
12138,2023-11-16,substantive,Inquiry into the Register of Environmental Organisations,468,2022-10-20,Fair Work Ombudsman and Registered Organisations Commission Entity Annual Report 2021-22,0.11,not in the register,nothing close; the report predates the Tabled Documents register or is not in it
12527,2023-08-03,substantive,Bedtime reading: Inquiry into sleep health awareness in Australia,11436,2022-07-27,"Standing Committee on Health, Aged Care and Sport—Report on the inquiry into the quality of care in residential aged care facilities in Australia—Report, October 2018—Document presented by Ms Wells, 27 July 2022",0.07,not in the register,nothing close; the report predates the Tabled Documents register or is not in it
12528,2023-11-30,substantive,The New Frontier: Delivering better health for all Australians: Inquiry into approval processes for new drugs and novel medical technologies in Australia,2908,2023-07-27,Environment Protection (Sea Dumping) Amendment (Using New Technologies to Fight Climate Change) Bill 2023 [Provisions] [July 2023],0.15,not in the register,nothing close; the report predates the Tabled Documents register or is not in it
12529,2023-10-18,substantive,Walking the allergy tightrope: Addressing the rise of allergies and anaphylaxis in Australia,2152,2023-05-25,"Ending the postcode lottery: Addressing barriers to sexual, maternity and reproductive healthcare in Australia [May 2023]",0.11,not in the register,nothing close; the report predates the Tabled Documents register or is not in it
12530,2022-12-01,substantive,The Now Frontier: Developing Australia's space industry,,,,0.00,no candidate,the search returns no committee document tabled before the response
12533,2023-06-22,substantive,Government procurement: A sovereign security imperative,2454,2023-06-13,Advisory Report on the Australian Security Intelligence Organisation Amendment Bill 2023 [June 2023],0.20,not in the register,nothing close; the report predates the Tabled Documents register or is not in it
12658,2023-03-30,substantive,Social Media and Online Safety,73,2022-07-27,Social Media (Anti-Trolling) Bill 2022 [Provisions] [Additional information],0.29,not in the register,nothing close; the report predates the Tabled Documents register or is not in it
12659,2023-03-30,substantive,"Inquiry into family, domestic and sexual violence",210,2022-09-01,Fair Work Amendment (Paid Family and Domestic Violence Leave) Bill 2022 [Provisions],0.38,not in the register,nothing close; the report predates the Tabled Documents register or is not in it
13782,2025-12-04,proforma_closure,Inquiry into the Bankruptcy Amendment (Enterprise Incentives) Bill 2017,9134,2025-01-30,Treasury Laws Amendment (Tax Incentives and Integrity) Bill 2024 [Provisions],0.25,not in the register,nothing close; the report predates the Tabled Documents register or is not in it
13947,2025-11-25,proforma_closure,Surveillance Legislation Amendment (Identify and Disrupt) Bill 2020,60,2022-07-27,Environment Protection and Biodiversity Conservation Amendment (Regional Forest Agreements) Bill 2020,0.12,not in the register,nothing close; the report predates the Tabled Documents register or is not in it
13990,2025-11-26,partial_proforma,Telecommunications Legislation Amendment (International Production Orders) Bill 2020,13171,2025-10-28,Advisory report on the Telecommunications and Other Legislation Amendment Bill 2025,0.20,not in the register,nothing close; the report predates the Tabled Documents register or is not in it
13993,2025-11-26,proforma_closure,Review of the amendments made by the Telecommunications and Other Legislation Amendment (Assistance and Access) Act 2018,116,2022-08-03,"2021-22 Review of the Legislation Act 2003—Report, June 2022",0.14,not in the register,nothing close; the report predates the Tabled Documents register or is not in it
14164,2026-02-03,proforma_closure,Impact of New and Emerging Information and Communication Technology,12266,2025-08-27,Impact and mitigation of aircraft noise [Additional information],0.33,not in the register,nothing close; the report predates the Tabled Documents register or is not in it
14956,2026-03-04,proforma_closure,"COVID-19, Criminal Activity and Law Enforcement",4341,2023-11-29,Law enforcement capabilities in relation to child exploitation,0.33,not in the register,nothing close; the report predates the Tabled Documents register or is not in it
14957,2026-03-04,proforma_closure,Inquiry into Financial Related Crime,8169,2024-11-19,Report 506: Inquiry into Commonwealth financial statements 2022-23,0.20,not in the register,nothing close; the report predates the Tabled Documents register or is not in it
15314,2026-03-04,proforma_closure,Sale and Use of Marijuana and Associated Products (term of refence c),,,,0.00,no candidate,the search returns no committee document tabled before the response
15418,2026-03-10,proforma_closure,Not without your approval: a way forward for nuclear technology in Australia,5968,2024-05-14,Report 3/2024 - Australian Nuclear Science and Technology Organisation — Nuclear Medicine Facility project,0.25,not in the register,nothing close; the report predates the Tabled Documents register or is not in it
15449,2026-03-11,substantive,Inquiry into the recognition of unpaid carers,5565,2024-03-27,"Recognising, valuing and  supporting unpaid carers: Inquiry into the recognition of unpaid carers",0.50,not in the register,nothing close; the report predates the Tabled Documents register or is not in it
15481,2026-03-12,proforma_closure,Comprehensive revision of the Telecommunications (Interception and Access ) Act 1979,,,,0.00,no candidate,the search returns no committee document tabled before the response
15535,2026-03-19,proforma_closure,Intelligence Oversight and Other Legislation Amendment (Integrity Measures) Bill 2020,13612,2025-11-04,Advisory report on the Strengthening Oversight of the National Intelligence Community Bill 2025,0.29,not in the register,nothing close; the report predates the Tabled Documents register or is not in it
15538,2026-03-19,proforma_closure,National Commissioner for Defence and Veteran Suicide Prevention Bill 2020 [provisions] and the National Commissioner for Defence and Veteran Suicide Prevention (Consequential Amendments) Bill 2020 [provisions],15235,2026-02-26,Defence and Veterans’ Service Commissioner Bill 2025 and Defence and Veterans’ Service Commissioner (Consequential and Transitional Provisions) Bill 2025,0.33,not in the register,nothing close; the report predates the Tabled Documents register or is not in it
15539,2026-03-19,proforma_closure,Family Law Amendment (Financial Agreements and Other Measures) Bill 2015,13845,2025-11-19,Treasury Laws Amendment (Strengthening Financial Systems and Other Measures) Bill 2025,0.20,not in the register,nothing close; the report predates the Tabled Documents register or is not in it
15547,2026-03-19,proforma_closure,Family Law Amendment (Parenting Management Hearings) Bill 2017,8123,2024-10-31,Family Law Amendment Bill 2024,0.33,not in the register,nothing close; the report predates the Tabled Documents register or is not in it
15548,2026-03-19,proforma_closure,Judiciary Amendment (Commonwealth Model Litigant Obligations) Bill 2017,13396,2025-10-31,Commonwealth Grants Commission Annual Report 2024-25,0.17,not in the register,nothing close; the report predates the Tabled Documents register or is not in it
15549,2026-03-19,proforma_closure,Family Law Amendment (Federal Family Violence Orders) Bill 2021 [Provisions],9408,2025-02-13,Inquiry into family violence orders,0.50,not in the register,nothing close; the report predates the Tabled Documents register or is not in it
15552,2026-03-19,proforma_closure,Criminal Code Amendment (Animal Protection) Bill 2015,8736,2024-12-12,Criminal Code Amendment (Hate Crimes) Bill 2024 [Provisions],0.40,not in the register,nothing close; the report predates the Tabled Documents register or is not in it
15562,2026-03-19,proforma_closure,National Integrity (Parliamentary Standards) Bill 2019,886,2022-11-29,"Joint Select Committee on Parliamentary Standards final report, November 2022",0.29,not in the register,nothing close; the report predates the Tabled Documents register or is not in it
15563,2026-03-19,proforma_closure,"freedom of religion and belief, the Australian experience",14161,2025-12-03,Freedom of Information Amendment Bill 2025,0.25,not in the register,nothing close; the report predates the Tabled Documents register or is not in it
15564,2026-03-19,proforma_closure,Religious Discrimination Bill 2021 and related bills,5463,2024-03-25,Maximising the Realisation of Human Rights: Religious Educational Institutions and Anti-Discrimination Laws [Final report - December 2023],0.17,not in the register,nothing close; the report predates the Tabled Documents register or is not in it
15565,2026-03-19,proforma_closure,Sex Discrimination Amendment (Removing Discrimination Against Students) Bill 2018,3067,2023-08-11,Environment and Other Legislation Amendment (Removing Nuclear Energy Prohibitions) Bill 2022 [August 2023],0.17,not in the register,nothing close; the report predates the Tabled Documents register or is not in it
15566,2026-03-19,proforma_closure,"Religious Discrimination Bill 2021 [Provisions], Religious Discrimination (Consequential Amendments) Bill 2021 [Provisions] and Human Rights Legislation Amendment Bill 2021 [Provisions]",717,2022-11-03,Anti-Discrimination and Human Rights Legislation Amendment (Respect at Work) Bill 2022 [Provisions],0.43,not in the register,nothing close; the report predates the Tabled Documents register or is not in it
15567,2026-03-19,proforma_closure,Social Media (Anti-Trolling) Bill 2022 [Provisions],73,2022-07-27,Social Media (Anti-Trolling) Bill 2022 [Provisions] [Additional information],0.71,below the bar,a candidate exists but the titles differ by more than a bracketed date
15894,2026-04-01,proforma_closure,"Allegations concerning the inappropriate exercise of ministerial powers, with respect to the visa status of au pairs, and related matters",91,2022-08-01,Performance of the functions and the exercise of powers of the Australian Building and Construction Commissioner—Quarterly report for the period 1 October to 31 December 2021,0.17,not in the register,nothing close; the report predates the Tabled Documents register or is not in it
15896,2026-04-01,proforma_closure,implications for climate change for Australia’s national security,6217,2024-05-28,"Standing Committee on Climate Change, Energy, Environment and Water—Drowning in waste:  Plastic pollution in Australia’s oceans and waterways",0.17,not in the register,nothing close; the report predates the Tabled Documents register or is not in it
15897,2026-04-01,proforma_closure,United Nations Sustainable Development Goals (SDGs),31,2022-06-30,Application of the United Nations Declaration on the Rights of Indigenous Peoples in Australia,0.29,not in the register,nothing close; the report predates the Tabled Documents register or is not in it
15898,2026-04-01,substantive,Social Security Legislation Amendment (Remote Engagement Program) Bill 2021,15724,2026-03-25,Social Security and Other Legislation Amendment (Technical Changes No.1) Bill 2026,0.33,not in the register,nothing close; the report predates the Tabled Documents register or is not in it
15899,2026-04-01,substantive,Corporations (Aboriginal and Torres Strait Islander) Amendment Bill 2021 [Provisions],2086,2023-05-12,Advisory Report on the Constitution Alteration (Aboriginal and Torres Strait Islander Voice) 2023 [May 2023],0.44,not in the register,nothing close; the report predates the Tabled Documents register or is not in it
15903,2026-04-01,substantive,engagement of traditional owners in the economic development of northern Australia,4360,2023-11-30,Northern Australia Workforce Development: First Report [November 2023],0.33,not in the register,nothing close; the report predates the Tabled Documents register or is not in it
15905,2026-04-01,proforma_closure,Immigration (Education) Amendment (Expanding Access to English Tuition) Bill 2020 [Provisions],15804,2026-03-27,"Tertiary Education Legislation Amendment (There For Education, Not Profit) Bill 2025",0.14,not in the register,nothing close; the report predates the Tabled Documents register or is not in it
15906,2026-04-01,substantive,Aboriginal and Torres Strait Islander experience of law enforcement and justice services,2086,2023-05-12,Advisory Report on the Constitution Alteration (Aboriginal and Torres Strait Islander Voice) 2023 [May 2023],0.44,not in the register,nothing close; the report predates the Tabled Documents register or is not in it
15908,2026-04-01,proforma_closure,Freedom of Speech Legislation Amendment (Censorship) Bill 2018 and related bills,14161,2025-12-03,Freedom of Information Amendment Bill 2025,0.25,not in the register,nothing close; the report predates the Tabled Documents register or is not in it
15917,2026-04-01,substantive,Study Buddy or Influencer: Inquiry into the Use of Generative Artificial Intelligence in the Australian Education System,7292,2024-09-10,Study Buddy or Influencer,0.33,not in the register,nothing close; the report predates the Tabled Documents register or is not in it
15918,2026-04-01,substantive,"Shared vision, equal pathways",5522,2024-03-25,"Standing Committee on Employment, Education and Training—Shared vision, equal pathways: report of the inquiry into the perceptions and status of vocational education and training",0.36,not in the register,nothing close; the report predates the Tabled Documents register or is not in it
16030,2026-04-23,proforma_closure,Inquiry into the Home Affairs 101 George Street Parramatta Fit-Out Report 5/2021,3422,2023-09-14,Inquiry into the Department of Defence Annual Report 2021–22,0.11,not in the register,nothing close; the report predates the Tabled Documents register or is not in it
16067,2026-04-30,proforma_closure,Indefinite detention of people with cognitive and psychiatric impairment in Australia,3446,2023-09-29,Voices of people with disability [Final report - volume 1],0.29,not in the register,nothing close; the report predates the Tabled Documents register or is not in it
16245,2026-05-12,proforma_closure,Report 6/2021,,,,0.00,no candidate,the search returns no committee document tabled before the response
16382,2026-05-14,proforma_closure,Inquiry into Australia's aid program in the Indo-Pacific,8167,2024-11-19,Report 505: Inquiry into policy and program design and implementation,0.20,not in the register,nothing close; the report predates the Tabled Documents register or is not in it
16383,2026-05-14,proforma_closure,Australia’s engagement in Afghanistan,,,,0.00,no candidate,the search returns no committee document tabled before the response
16386,2026-05-14,substantive,Food for Thought: The opportunities and challenges for Australia's food and beverage manufacturing,9520,2025-03-27,Food for Thought,0.33,not in the register,nothing close; the report predates the Tabled Documents register or is not in it
16480,2026-05-21,proforma_closure,An Australian standard for the training and use of privately contracted security and detection dogs,14923,2026-02-05,Advisory report on the Australian Security Intelligence Organisation Amendment Bill (No. 2) 2025,0.12,not in the register,nothing close; the report predates the Tabled Documents register or is not in it
16549,2026-06-22,proforma_closure,Report 477: Commonwealth Financial Statements - Second Report,63,2022-07-27,"Report 488: Commonwealth financial statements 2019-20—Report, March 2022",0.43,not in the register,nothing close; the report predates the Tabled Documents register or is not in it
16602,2026-05-29,substantive,A Capital for All Australians Report of the inquiry into fostering and promoting the significance of Australia’s National Capital,5996,2024-06-25,A Capital for All Australians Report of the inquiry into fostering and promoting the significance of Australia's National Capital [May 2024],1.00,confirmed,"one candidate, exact after normalising a trailing bracketed date; committee and date order both agree"
16922,2026-06-23,proforma_closure,"Inquiry into the implications of the COVID-19 pandemic for Australia’s foreign affairs, defence and trade",15851,2026-05-13,"Joint Standing Committee on Foreign Affairs, Defence and Trade delegation to the United Kingdom and Poland",0.40,not in the register,nothing close; the report predates the Tabled Documents register or is not in it
17018,2026-06-25,proforma_closure,Treasury Laws Amendment (2021 Measures No. 5) Bill 2021,,,,0.00,no candidate,the search returns no committee document tabled before the response
17097,2026-06-30,substantive,Australia’s sanctions regime,9336,2025-02-11,Australia’s sanctions regime,1.00,confirmed,"one candidate, exact after normalising a trailing bracketed date; committee and date order both agree"
17099,2026-06-30,substantive,Australia’s thematic sanctions framework,9336,2025-02-11,Australia’s sanctions regime,0.33,not in the register,nothing close; the report predates the Tabled Documents register or is not in it
17400,2026-08-06,substantive,Corporate insolvency in Australia,2837,2023-07-12,Corporate insolvency in Australia,1.00,confirmed,"one candidate, exact after normalising a trailing bracketed date; committee and date order both agree"
17569,2026-08-20,substantive,Current and Proposed Sexual Consent Laws in Australia,3419,2023-09-14,Current and proposed sexual consent laws in Australia [September 2023],1.00,confirmed,"one candidate, exact after normalising a trailing bracketed date; committee and date order both agree"
17624,2026-08-20,substantive,Access to Australian Parliament House by lobbyists,5807,2024-05-07,Access to Australian Parliament House by lobbyists [May 2024],1.00,confirmed,"one candidate, exact after normalising a trailing bracketed date; committee and date order both agree"
