source_id,label,verdict,why,department,recommendation,government_words,url
15205,22,accepted,names recommendation 3,Department of Social Services,"The Committee recommends that the Australian Government: • Fund additional redress support services to provide dedicated support to: o Survivors from culturally and linguistically diverse backgrounds, including for travel and translation. o Survivors with disability. o Survivors living in regional a","The Australian Government agrees to this recommendation. The Government is committed to funding culturally appropriate and accessible Redress Support Services for survivors through its existing established network, as outlined in response to recommendations 3 and 4. The Department has existing mechanisms in place to coordinate Redress Support Services’ outreach efforts by encouraging referrals bet",https://www.aph.gov.au/Parliamentary_Business/Tabled_Documents/15205
15840,26,accepted,names recommendation 13,Department of Education,The Committee recommends an expansion of the current Education Agents Dashboard on Provider Registration and International Student Management System (PRISMS) to allow provider access to all education agents' information. Such an expansion should enable providers to consider an agent’s performance be,"The Australian Government agrees with this recommendation. 27 Improving providers’ access to education agent performance data will assist providers in choosing quality education agents to support their student recruitment activities. The Department of Education has already made enhancements to PRISMS that align with this recommendation. In July 2024, the Department of Education expanded functions ",https://www.aph.gov.au/Parliamentary_Business/Tabled_Documents/15840
15844,13,in part or in principle,names recommendation 9,Australian Trade and Investment Commission (Austrade),"The Committee recommends the Australian Government prioritise the development of policies which improve regional transport and infrastructure, in coordination with state and local governments","The Government agrees in principle with this Recommendation. The Australian Government delivers regional transport and infrastructure through multiple mechanisms, aligned with state and territory priorities. Programs delivered by the DITRDCSA contribute to the achievement of this recommendation. This includes the Government’s community infrastructure funding programs; the Infrastructure Investment",https://www.aph.gov.au/Parliamentary_Business/Tabled_Documents/15844
15936,4,in part or in principle,names recommendation 1,"Infrastructure, Transport, Regional Development, Communications, Sport and the Arts portfolio",The committee recommends that Services Australia develop an online claims calculator tool with the functionality to estimate the approximate value of prospective claims to assist prospective claimants to better understand their likely eligibility under the Tasmanian Freight Equalisation Scheme,"The Government agrees in principle with this recommendation. An online TFES calculator is readily accessible for approved users within the Centrelink Business Online Services (CBOS) at www.servicesaustralia.gov.au/centrelink-business-online-services authenticated environment. Functioning as a rate estimator, the online calculator accommodates various claim types, including Domestic claims (pertain",https://www.aph.gov.au/Parliamentary_Business/Tabled_Documents/15936
16143,1,accepted,names recommendation 6,Department of Education,"The committee recommends that Education Ministers fast-track implementation of the recommendations from the Teacher Education Expert Panel, encompassed in: Priority Reform 1: Strengthening Initial Teacher Education (ITE) Programs to Deliver Effective Beginning Teachers Priority Reform 3: Improving t","Agreed. Education Ministers have fast-tracked the implementation of recommendations in Strong Beginnings: Report of the Teacher Education Expert Panel (Strong Beginnings),7 including the priority reform 1 requirement that all ITE programs adhere to new content requirements by the end of 2025. Embedding core content in all ITE programs will ensure that ITE graduates are better prepared to enter the",https://www.aph.gov.au/Parliamentary_Business/Tabled_Documents/16143
16469,12,accepted,names recommendation 9,"Department of Climate Change, Energy, the Environment and Water","The committee recommends that the Australian Government consider, as a matter of priority, measures to hardwire First Nations representation in Basin Plan management and decision-making","Agreed. In addition to the measures outlined in responses to Committee Recommendations 9, 10 and 11, the Restoring Our Rivers Act required that an additional First Nations member be appointed to the MDBA board to contribute to decision-making and the management of Basin water resources, including improved engagement activities. Ms Belinda Duarte was appointed as the second Indigenous member of the",https://www.aph.gov.au/Parliamentary_Business/Tabled_Documents/16469
16469,13,accepted,names recommendation 9,"Department of Climate Change, Energy, the Environment and Water","The committee recommends the Water Act 2007 be amended to strengthen the language regarding the role of First Nations spiritual, cultural and economic perspectives in the management of the basin water resources",Agreed. Refer to the responses to Committee Recommendations 9 and,https://www.aph.gov.au/Parliamentary_Business/Tabled_Documents/16469
16507,4,accepted,names recommendation 3,"Department of Health, Disability and Ageing","The committee recommends the Department of Health, Disability and Ageing work with the medical profession, the National Disability Insurance Agency and disability communities in rural, regional and remote (RRR) areas to explore initiatives that could help address shortages of medical professionals, ","The Government supports Recommendations 3 and 4. The Government is working collaboratively with communities in rural, regional and remote areas, to improve timely access to medical and allied health services for people with disability living in rural, regional and remote communities. The Government will build on existing initiatives that support local workforces, increase service availability, and",https://www.aph.gov.au/Parliamentary_Business/Tabled_Documents/16507
16547,9,in part or in principle,verdict 311 characters in,"Department of Climate Change, Energy, the Environment and Water","Prevent Safeguard Mechanism facilities from surrendering ACCUs unless there is a high degree of certainty that the abatement that they offer is real, additional and permanent. This starts with full implementation of the Chubb Review as a matter of urgency","The Government notes this recommendation. The Government is confident that ACCUs issued under the scheme deliver real, additional and permanent abatement. The Chubb Review found that the ACCU Scheme arrangements are sound, whilst providing several recommendations for its continuous improvement. The Government agreed in principle to all recommendations of the Chubb Review, and implementation is wel",https://www.aph.gov.au/Parliamentary_Business/Tabled_Documents/16547
16572,5,in part or in principle,verdict 455 characters in,Department of the Treasury,"The ACCC should be empowered to collect, investigate and publish long term data on prices in the food and grocery sector. The ACCC should publish regular data on horticultural and vegetable pricing from the major supermarkets to enhance price transparency and support better bargaining power for hort","The Government notes this recommendation. The Government directed the ACCC to conduct an inquiry into pricing and competition in Australia’s supermarket sector including the pricing practices of the supermarkets and the relationship between wholesale (including farmgate), and retail prices. The ACCC’s inquiry made recommendations to increase price transparency to help deliver fairer prices for fam",https://www.aph.gov.au/Parliamentary_Business/Tabled_Documents/16572
16572,6,in part or in principle,verdict 454 characters in,Department of the Treasury,"Price transparency policies should be carefully designed to ensure maximum benefit to consumers with minimum compliance burden to companies and delivered through the Australian Competition and Consumer Commission, rather than new bodies",The Government notes this recommendation. The Government directed the ACCC to conduct an inquiry into pricing and competition in Australia’s supermarket sector including the pricing practices of the supermarkets and the relationship between wholesale (including farmgate) and retail prices. The ACCC’s inquiry made recommendations to increase price transparency to help deliver fairer prices for fami,https://www.aph.gov.au/Parliamentary_Business/Tabled_Documents/16572
17400,7,in part or in principle,names recommendation 3,Department of the Treasury,"The committee recommends that the government implement recommendations from the Safe Harbour Review, independent and likely in advance of the further review, and consider referring the remainder of safe harbour reform issues identified in this report to a comprehensive review","The Government supports in principle this recommendation. The Government has implemented some recommendations from the Safe Harbour Review (Recommendations 3, 6, 8 and 9) through miscellaneous and technical amendments that clarify the operation of the provisions and ensure they remain fit for purpose. These amendments were enacted through the Treasury Laws Amendment (Delivering Better Financial Ou",https://www.aph.gov.au/Parliamentary_Business/Tabled_Documents/17400
5631,7,in part or in principle,verdict 343 characters in,Education and Employment References Committee,"The committee recommends that the Australian Government work with state and territory governments to identify ways to improve awareness and understanding of school refusal—once a nationally agreed definition has been established—within the health sector, with a particular focus on general practice, ","The Government acknowledges responsibility of this recommendation sits with both the Australian Government and state and territory education authorities and the non-government school sector and has referred this recommendation to state and territory education authorities and the non-government school sector for consideration. The Government supports this recommendation in-principle, noting the cou",https://www.aph.gov.au/Parliamentary_Business/Tabled_Documents/5631
8011,11,in part or in principle,verdict 265 characters in; names recommendation 10,Office for Sport,"The committee recommends that the Australian Government consider developing a national strategy to reduce the incidence and impacts of concussion, including binding return to play protocols and other rules to protect sport participants from head injuries. Consideration should be given to whether any","The Government notes recommendation nine as it does not have responsibility for the matters outlined in this recommendation. The Government will support a proactive approach to raise awareness of these recommendations to professional sporting codes. The Government agrees in principle with the recommendations 10 and 11. The Concussion and Brain Health Position Statement 2024, developed by the ASC, ",https://www.aph.gov.au/Parliamentary_Business/Tabled_Documents/8011
8264,4,accepted,verdict 213 characters in,Department of Foreign Affairs and Trade ,The Committee supports the Indo-Pacific Economic Framework for Prosperity Agreement relating to Supply Chain Resilience and recommends that binding treaty action be taken,The Government welcomes the Committee’s agreement that binding treaty action be taken in relation to the Indo-Pacific Economic Framework for Prosperity Agreement relating to Supply Chain Resilience. Australia has implemented this recommendation and ratified the Agreement on 12 September 2024,https://www.aph.gov.au/Parliamentary_Business/Tabled_Documents/8264
856,4,accepted,names recommendation 1,,The Committee recommends that the Australian Government: Seek to legislate a prohibition on agreements that restrict Traditional Owners from publicly raising concerns about heritage protection or exercising their rights under heritage legislation,Agreed. This is addressed in the Australian Government’s response to Recommendations 1 and 4 of A Way Forward. The co-design process described in the “Overarching approach” section will explore the barriers to First Nations peoples seeking cultural heritage protections. This will include consideration of the ways in which agreements between two parties have contractual mechanisms that limit or pro,https://www.aph.gov.au/Parliamentary_Business/Tabled_Documents/856
856,5,in part or in principle,names recommendation 1,,The Committee recommends that the Australian Government endorse and commit to implementing Dhawura Ngilan: A Vision for Aboriginal and Torres Strait Islander Heritage in Australia,"Agreed in principle. Dhawura Ngilan was written by the Heritage Chairs of Australia and New Zealand to offer a way to inform policy, underpin legislative change and inspire actions for First Nations cultural heritage. Some of its recommendations are outside of the Australian Government’s responsibilities, however, the Australian Government supports Dhawura Ngilan in principle and is taking its fin",https://www.aph.gov.au/Parliamentary_Business/Tabled_Documents/856
856,7,accepted,names recommendation 1,,The Committee recommends that the Australian Government urgently review the adequacy of the Aboriginal and Torres Strait Islander Heritage Protection Act 1984,Agreed. This will be addressed in the Australian Government’s response to Recommendations 1 and 3 of A Way Forward. The Australian Government recognises the limitations of the ATSIHP Act and is committed to developing new standalone cultural heritage legislation. In developing this legislation we will be considering the adequacy of the ATSIHP Act. Australian Government response on Juukan Gorge 19 ,https://www.aph.gov.au/Parliamentary_Business/Tabled_Documents/856
8768,5,not accepted,names recommendation 1,Department of Home Affairs,"It is recommended that the Senate not pass the Bill in its current form, but that further work be undertaken to develop a Pacific Engagement Visa which takes into account the above recommendations and the legitimate concerns raised by key stakeholders during the course of this inquiry",The Government does not support this recommendation. The Government has considered this recommendation as part of broader considerations discussed in response to recommendations 1 to 4. Additional Comments from Senator Nick McKim,https://www.aph.gov.au/Parliamentary_Business/Tabled_Documents/8768
9326,35,accepted,names recommendation 26,Department of Health and Aged Care,"The Committee recommends the Department of Health and Aged Care work with jurisdictions and the health sector to implement options for targeted public awareness and sexual health literacy campaigns in target communities, including for the LGBTIQA+ community, community-led initiatives for First Natio","The Australian Government supports this recommendation. As outlined in the response to recommendations 26 and 27, the Government has committed to community investment to support LGBTIQA+ health literacy in implementing the LGBTIQA+ Health and Wellbeing Action Plan. A national STI campaign, titled ‘Beforeplay’, launched on 14 January 2024 and aims to educate and raise awareness of STI prevention, w",https://www.aph.gov.au/Parliamentary_Business/Tabled_Documents/9326
974,14,in part or in principle,names recommendation 18,,"The committee recommends that the Australian Government convenes a Ministerial Taskforce, together with an Expert Working Group including a representative of both custodial and non-custodial parents, to examine any of the issues raised regarding the Child Support Scheme which the taskforce considers","Agreed in principle. The Government agrees to establish a Child Support Expert Panel to provide expert oversight and review of the Government’s implementation of Committee recommendations 18 and 19. The Child Support Expert Panel would consider updated costs of children research and make recommendations on how to integrate the findings into the child support formula, including consideration of fig",https://www.aph.gov.au/Parliamentary_Business/Tabled_Documents/974
974,2,in part or in principle,names recommendation 1,,"The committee recommends the Australian Government fully implements recommendations 1 and 18 made by the House of Representatives’ Standing Committee on Social Policy and Legal Affairs in 2015 in its report, From Conflict to Cooperation: Inquiry into the Child Support Program, by 31 December 2021","Agreed in principle. Recommendations 1 and 18 of the 2015 Inquiry were for Services Australia to assess demographic data to better target service delivery, and educate parents on their ability to nominate a preferred communication channel. The Government agrees to identify further 8 opportunities to improve the collection and use of demographic data and the information available to child support c",https://www.aph.gov.au/Parliamentary_Business/Tabled_Documents/974
