commission_id,role,carries_recommendations,answers,id,type,additional_type,category,title,author,department,tabled_senate,tabled_house,parliament,files,url,note
robodebt,report,yes,,2743,Royal commission,,Government Document,Royal Commission into the Robodebt Scheme,,,2023-07-07,2023-07-31,47,4146|Report of the Royal Commission into the Robodebt Scheme.pdf,https://www.aph.gov.au/Parliamentary_Business/Tabled_Documents/2743,"The whole report in one file, list of recommendations and all"
robodebt,corrigendum,,,2915,Royal commission,Corrigendum,Government Document,Royal Commission into the Robodebt Scheme [Corrigendum],,,2023-07-27,2023-07-31,47,4397|Corrigendum to the report of the Royal Commission into the Robodebt Scheme.pdf,https://www.aph.gov.au/Parliamentary_Business/Tabled_Documents/2915,
robodebt,response,,2743,4163,Other,,Government Document,Government Response | Royal Commission Into The Robodebt Scheme November 2023 [November 2023],,,2023-11-14,2023-11-13,47,6339|Government Response to the Royal Commission into the Robodebt Scheme.pdf,https://www.aph.gov.au/Parliamentary_Business/Tabled_Documents/4163,Typed Other in the register rather than Government response
robodebt,other,,,15488,Other,,Government Document,Royal Commission into the Robodebt Scheme—Referrals,Attorney-General's Department,Attorney-General's Department,,2026-03-12,48,27638|Closed Chapter -  Recommendations and Referrals - Final.pdf,https://www.aph.gov.au/Parliamentary_Business/Tabled_Documents/15488,The closed chapter; referrals rather than numbered recommendations
disability,report,yes,,3444,Royal commission,,Government Document,"Executive Summary, Our vision for an inclusive Australia and Recommendations [Final report]","Royal Commission into Violence, Abuse, Neglect and Exploitation of People with Disability",Attorney-General's Department,2023-09-29,2023-10-18,47,"5245|Final Report - Executive Summary, Our vision for an inclusive Australia and Recommendations.pdf",https://www.aph.gov.au/Parliamentary_Business/Tabled_Documents/3444,The volume the final report puts all 222 recommendations in
disability,report,,,3446,Royal commission,,Government Document,Voices of people with disability [Final report - volume 1],"Royal Commission into Violence, Abuse, Neglect and Exploitation of People with Disability",Attorney-General's Department,2023-09-29,2023-10-18,47,"5246|Final Report - Volume 1, Voices of people with disability - Book 2.pdf; 5247|Final Report - Volume 1, Voices of people with disability - Book 3.pdf; 5248|Final Report - Volume 1, Voices of people with disability - Book 1.pdf",https://www.aph.gov.au/Parliamentary_Business/Tabled_Documents/3446,Volume 1
disability,report,,,3447,Royal commission,,Government Document,About the Royal Commission [Final report - volume 2],"Royal Commission into Violence, Abuse, Neglect and Exploitation of People with Disability",Attorney-General's Department,2023-09-29,2023-10-18,47,"5249|Final Report - Volume 2, About the Royal Commission.pdf",https://www.aph.gov.au/Parliamentary_Business/Tabled_Documents/3447,Volume 2
disability,report,,,3448,Royal commission,,Government Document,"Nature and extent of violence, abuse, neglect and exploitation [Final report - volume 3]","Royal Commission into Violence, Abuse, Neglect and Exploitation of People with Disability",Attorney-General's Department,2023-09-29,2023-10-18,47,"5250|Final Report - Volume 3, Nature and Extent of Violence, abuse, neglect and exploitation.pdf",https://www.aph.gov.au/Parliamentary_Business/Tabled_Documents/3448,Volume 3
disability,report,,,3449,Royal commission,,Government Document,Realising the human rights of people with disability [Final report - volume 4],"Royal Commission into Violence, Abuse, Neglect and Exploitation of People with Disability",Attorney-General's Department,2023-09-29,2023-10-18,47,"5251|Final Report - Volume 4, Realising the human rights of people with disability.pdf",https://www.aph.gov.au/Parliamentary_Business/Tabled_Documents/3449,Volume 4
disability,report,,,3450,Royal commission,,Government Document,Governing for inclusion [Final report - volume 5],"Royal Commission into Violence, Abuse, Neglect and Exploitation of People with Disability",Attorney-General's Department,2023-09-29,2023-10-18,47,"5252|Final Report - Volume 5, Governing for inclusion.pdf",https://www.aph.gov.au/Parliamentary_Business/Tabled_Documents/3450,Volume 5
disability,report,,,3451,Royal commission,,Government Document,Enabling autonomy and access [Final report - volume 6],"Royal Commission into Violence, Abuse, Neglect and Exploitation of People with Disability",Attorney-General's Department,2023-09-29,2023-10-18,47,"5253|Final Report - Volume 6, Enabling autonomy and access.pdf",https://www.aph.gov.au/Parliamentary_Business/Tabled_Documents/3451,Volume 6
disability,report,,,3452,Royal commission,,Government Document,"Inclusive education, employment and housing [Final report - volume 7]","Royal Commission into Violence, Abuse, Neglect and Exploitation of People with Disability",Attorney-General's Department,2023-09-29,2023-10-18,47,"5254|Final Report - Volume 7, Inclusive education, employment and housing - Part C.pdf; 5255|Final Report - Volume 7, Inclusive education, employment and housing - Summary and recommendations.pdf; 5256|Final Report - Volume 7, Inclusive education, employment and housing - Part A.pdf; 5257|Final Report - Volume 7, Inclusive education, employment and housing - Part B.pdf",https://www.aph.gov.au/Parliamentary_Business/Tabled_Documents/3452,Volume 7
disability,report,,,3453,Royal commission,,Government Document,Criminal justice and people with disability [Final report - volume 8],"Royal Commission into Violence, Abuse, Neglect and Exploitation of People with Disability",Attorney-General's Department,2023-09-29,2023-10-18,47,"5258|Final Report - Volume 8, Criminal justice and people with disability.pdf",https://www.aph.gov.au/Parliamentary_Business/Tabled_Documents/3453,Volume 8
disability,report,,,3454,Royal commission,,Government Document,First Nations people with disability [Final report - volume 9],"Royal Commission into Violence, Abuse, Neglect and Exploitation of People with Disability",Attorney-General's Department,2023-09-29,2023-10-18,47,"5259|Final Report - Volume 9, First Nations people with disability.pdf",https://www.aph.gov.au/Parliamentary_Business/Tabled_Documents/3454,Volume 9
disability,report,,,3456,Royal commission,,Government Document,Disability services [Final report - volume 10],"Royal Commission into Violence, Abuse, Neglect and Exploitation of People with Disability",Attorney-General's Department,2023-09-29,2023-10-18,47,"5261|Final Report - Volume 10, Disability services.pdf",https://www.aph.gov.au/Parliamentary_Business/Tabled_Documents/3456,Volume 10
disability,report,,,3457,Royal commission,,Government Document,Independent oversight and complaint mechanisms [Final report - volume 11],"Royal Commission into Violence, Abuse, Neglect and Exploitation of People with Disability",Attorney-General's Department,2023-09-29,2023-10-18,47,"5262|Final Report - Volume 11, Independent oversight and complaint handling.pdf",https://www.aph.gov.au/Parliamentary_Business/Tabled_Documents/3457,Volume 11
disability,report,,,3458,Royal commission,,Government Document,Beyond the Royal Commission [Final report - volume 12],"Royal Commission into Violence, Abuse, Neglect and Exploitation of People with Disability",Attorney-General's Department,2023-09-29,2023-10-18,47,"5263|Final Report - Volume 12, Beyond the Royal Commission.pdf",https://www.aph.gov.au/Parliamentary_Business/Tabled_Documents/3458,Volume 12
disability,corrigendum,,,4072,Royal commission,Corrigendum,Government Document,"Royal Commission into Violence, Abuse, Neglect and Exploitation of People with Disability [Final report - Corrigendum]",,,2023-11-02,2023-11-16,47,6170|Corrigendum to the Final report of the Disability Royal Commission.pdf,https://www.aph.gov.au/Parliamentary_Business/Tabled_Documents/4072,
disability,response,,3444,6874,Government response,,Government Document,Australian Government Response to the Disability Royal Commission,Department of Social Services,Department of Social Services,2024-07-31,2024-08-12,47,10988|AustralianGovernmentResponsetoDRC_July2024_3380.07.pdf; 10989|EasyReadSummary_AusGovResponsetoDRC_July2024_3386.07.24.pdf,https://www.aph.gov.au/Parliamentary_Business/Tabled_Documents/6874,
disability,statement,,,6982,Ministerial statement,,Government Document,"Ministerial Statement on the Australian Government Response to the Final Report of the Royal Commission into Violence, Abuse, Neglect and Exploitation of People with Disability",,,2024-08-12,2024-08-12,47,11216|min statement.pdf,https://www.aph.gov.au/Parliamentary_Business/Tabled_Documents/6982,Ministerial statement on the response
defence-veteran-suicide,report,yes,,143,Royal commission,Interim,Government Document,Royal Commission into Defence and Veteran Suicide Interim Report,,Attorney-General's Department,2022-08-11,2022-09-06,47,250|Interim Report of the Defence and Veteran Suicide Royal Commission.pdf,https://www.aph.gov.au/Parliamentary_Business/Tabled_Documents/143,"Interim report; 13 recommendations, answered by OTD 349"
defence-veteran-suicide,report,,,6405,Royal commission,,Government Document,"Royal Commission into Defence and Veteran Suicide - Shining a Light – Stories of Trauma and Tragedy, Hope and Healing",,,2024-06-20,2024-06-24,47,10930|DVSRC_Shining a Light_FINAL_accessible_update 08072024.pdf,https://www.aph.gov.au/Parliamentary_Business/Tabled_Documents/6405,"Shining a Light; a volume of accounts, no numbered recommendations"
defence-veteran-suicide,report,11763,,7262,Royal commission,,Government Document,Royal Commission into Defence and Veteran Suicide | Final report,Royal Commission into Defence and Veteran Suicide,Attorney-General’s portfolio,2024-09-09,2024-09-09,47,11763|Royal Commission into Defence and Veteran Suicide – Volume 1 [Accessible].pdf; 11764|Royal Commission into Defence and Veteran Suicide – Volume 2 [Accessible].pdf; 11765|Royal Commission into Defence and Veteran Suicide – Volume 3 [Accessible1.pdf; 11766|Royal Commission into Defence and Veteran Suicide – Volume 4 [Accessible].pdf; 11767|Royal Commission into Defence and Veteran Suicide – Volume 5 [Accessible].pdf; 11768|Royal Commission into Defence and Veteran Suicide – Volume 6 [Accessible].pdf; 11769|Royal Commission into Defence and Veteran Suicide – Volume 7 [Accessible].pdf,https://www.aph.gov.au/Parliamentary_Business/Tabled_Documents/7262,"Final report; seven volumes on one record, volume 1 (file 11763) sets out all 122 recommendations, answered by OTD 8578"
defence-veteran-suicide,response,,143,349,Government response,,Government Document,"Australian Government response to the interim report of the Royal Commission into Defence and Veteran Suicide, September 2022",,,2022-09-26,2022-09-26,47,532|P04488-royal-commission-interim-response.pdf,https://www.aph.gov.au/Parliamentary_Business/Tabled_Documents/349,Response to the interim report
defence-veteran-suicide,statement,,,348,Ministerial statement,,Government Document,"Government response to Royal Commission into Defence and Veteran Suicide interim report, dated 26 September 2022",,,2022-09-26,,47,526|Min statement RC DVS.pdf,https://www.aph.gov.au/Parliamentary_Business/Tabled_Documents/348,Ministerial statement on the interim response
defence-veteran-suicide,response,,7262,8578,Other,,Government Document,Government Response to the Final report of the Royal Commission Inquiry into Defence and Veteran Suicide,Department of Defence,Department of Defence,2024-12-02,2025-02-04,47,14547|Australian Government Response to the Final Report of the Royal commission.pdf,https://www.aph.gov.au/Parliamentary_Business/Tabled_Documents/8578,Response to the final report; typed Other in the register
antisemitism-social-cohesion,report,,,16086,Royal commission,,Government Document,Interim Report of the Royal Commission on Antisemitism and Social Cohesion,Attorney-General's Department,Attorney-General's Department,2026-04-30,2026-05-12,48,28741|Interim Report of the Royal Commission on Antisemitism and Social Cohesion.pdf,https://www.aph.gov.au/Parliamentary_Business/Tabled_Documents/16086,"Interim report; 5 of its 14 recommendations are in a confidential report and neither their text nor a position on them is public, which this index has no way to say — not read until it does"
antisemitism-social-cohesion,response,,,16392,Other,,Government Document,Australian Government Response to the Interim Report of the Royal Commission on Antisemitism and Social Cohesion,Department of Home Affairs,Department of Home Affairs,2026-06-22,2026-05-14,48,29310|Australian Government Response to the Interim Report of the Royal Commission on Antisemitism and Social Cohesion.pdf,https://www.aph.gov.au/Parliamentary_Business/Tabled_Documents/16392,Response to the interim report; typed Other in the register. Not read while the report it answers is not read
