id,tabled,notes_sentences,labels,labels_contiguous,counted,recommendations_counted,excluded_because,title,url
5745,2024-05-02,7,3,yes,no,0,7 notes sentences against 3 labels,Australian Government response to the Environment and Communications Legislation Committee report: Carbon Credits (Carbon Farming Initiative) Amendment Bill 2017 [Provisions] [May 2024],https://www.aph.gov.au/Parliamentary_Business/Tabled_Documents/5745
5746,2024-05-02,8,6,yes,no,0,8 notes sentences against 6 labels,Australian Government response to the Environment and Communications Legislation Committee report: Clean Energy Finance Corporation Amendment (Grid Reliability Fund) Bill 2020 [May 2024],https://www.aph.gov.au/Parliamentary_Business/Tabled_Documents/5746
5748,2024-05-02,65,33,yes,no,0,65 notes sentences against 33 labels,"Australian Government response to the Environment and Communications References Committee report: Current and future impacts of climate change on housing, buildings and infrastructure",https://www.aph.gov.au/Parliamentary_Business/Tabled_Documents/5748
5750,2024-05-02,21,16,yes,no,0,21 notes sentences against 16 labels,Australian Government response to the Environment and Communications References Committee report: Direct Action: Paying polluters to halt global warming [May 2024],https://www.aph.gov.au/Parliamentary_Business/Tabled_Documents/5750
5751,2024-05-02,10,9,yes,no,0,10 notes sentences against 9 labels,Australian Government response to the Environment and Communications References Committee report: Retirement of coal fired power stations – Final report [May 2024],https://www.aph.gov.au/Parliamentary_Business/Tabled_Documents/5751
5753,2024-05-02,4,4,yes,yes,4,,Australian Government response to the Environment and Communications References Committee report: Retirement of coal fired power stations - Interim Report [May 2024],https://www.aph.gov.au/Parliamentary_Business/Tabled_Documents/5753
5755,2024-05-02,7,5,yes,no,0,7 notes sentences against 5 labels,Australian Government response to the Senate Select Committee into the Scrutiny of Government Budget Measures Fourth interim report [May 2024],https://www.aph.gov.au/Parliamentary_Business/Tabled_Documents/5755
5757,2024-05-02,15,14,yes,no,0,15 notes sentences against 14 labels,Australian Government response to the Senate Select Committee into Jobs for the Future in Regional Areas Report [May 2024],https://www.aph.gov.au/Parliamentary_Business/Tabled_Documents/5757
5759,2024-05-02,22,11,yes,no,0,22 notes sentences against 11 labels,Australian Government response to the Senate Select Committee into the Resilience of Electricity Infrastructure in a Warming World report: Stability and Affordability: Forging a path to Australia's renewable energy future [May 2024],https://www.aph.gov.au/Parliamentary_Business/Tabled_Documents/5759
5812,2024-05-09,33,33,yes,yes,33,,Australian Government response to the Senate Education and Employment Reference Committee report: A National Disgrace: The Exploitation of Temporary Work Visa Holders [April 2024],https://www.aph.gov.au/Parliamentary_Business/Tabled_Documents/5812
5814,2024-05-09,18,16,yes,no,0,18 notes sentences against 16 labels,Australian Government response to the Senate Finance and Public Administration References Committee Final Report: Lessons to be learned in relation to the Australian bushfire season 2019-20 [April 2024],https://www.aph.gov.au/Parliamentary_Business/Tabled_Documents/5814
5815,2024-05-09,18,18,yes,yes,18,,"Australian Government response to the Senate Foreign Affairs, Defence and Trade References Committee report: Issues facing diaspora communities in Australia [April 2024]",https://www.aph.gov.au/Parliamentary_Business/Tabled_Documents/5815
5817,2024-05-09,3,1,yes,no,0,3 notes sentences against 1 labels,Australian Government response to the Senate Legal and Constitutional Affairs Legislation Committee report: Migration Amendment (Clarification of Jurisdiction) Bill 2018 [April 2024],https://www.aph.gov.au/Parliamentary_Business/Tabled_Documents/5817
5818,2024-05-09,5,2,yes,no,0,5 notes sentences against 2 labels,Australian Government response to the Senate Legal and Constitutional Affairs Legislation Committee report: Migration Amendment (Strengthening the Character Test) Bill 2021 [Provisions] [April 2024],https://www.aph.gov.au/Parliamentary_Business/Tabled_Documents/5818
5821,2024-05-09,6,4,yes,no,0,6 notes sentences against 4 labels,Australian Government response to the Senate Legal and Constitutional Affairs Legislation Committee report: Migration and Citizenship Legislation Amendment (Strengthening Information Provisions) Bill 2020 [Provisions] [April 2024],https://www.aph.gov.au/Parliamentary_Business/Tabled_Documents/5821
5829,2024-05-09,8,5,yes,no,0,8 notes sentences against 5 labels,Australian Government response to the Senate Legal and Constitutional Affairs Legislation Committee - report: Migration and Maritime Powers Legislation Amendment (Resolving the Asylum Legacy Caseload) Bill 2014 [Provisions] [April 2024],https://www.aph.gov.au/Parliamentary_Business/Tabled_Documents/5829
5830,2024-05-09,12,6,yes,no,0,12 notes sentences against 6 labels,Australian Government Response to the Senate Legal and Constitutional Affairs Legislation Committee report: National Emergency Declaration Act 2020 [April 2024],https://www.aph.gov.au/Parliamentary_Business/Tabled_Documents/5830
5831,2024-05-09,3,2,yes,no,0,3 notes sentences against 2 labels,Australian Government response to the Senate Legal and Constitutional Affairs Legislation Committee report: New Skilled Regional Visas (Consequential Amendments) Bill 2019 [Provisions] [April 2024],https://www.aph.gov.au/Parliamentary_Business/Tabled_Documents/5831
5833,2024-05-09,26,21,yes,no,0,26 notes sentences against 21 labels,Australian Government response to the Senate Legal and Constitutional Affairs References Committee report: Effectiveness of the current temporary skilled visa system in targeting genuine skills shortages [April 2024],https://www.aph.gov.au/Parliamentary_Business/Tabled_Documents/5833
5834,2024-05-09,13,11,yes,no,0,13 notes sentences against 11 labels,"Australian Government response to the Senate Legal and Constitutional Affairs References Committee report The efficacy, fairness, timeliness and costs of the processing and granting of visa classes which provide for or allow for family and partner reunions [April 2024]",https://www.aph.gov.au/Parliamentary_Business/Tabled_Documents/5834
5835,2024-05-09,38,18,yes,no,0,38 notes sentences against 18 labels,Australian Government response to the Joint Standing Committee on Migration Interim and Final reports: Australia's Skilled Migration Program [April 2024],https://www.aph.gov.au/Parliamentary_Business/Tabled_Documents/5835
5836,2024-05-09,10,10,yes,yes,10,,Australian Government response to the Joint Standing Committee on Migration report: Efficacy of current regulation of Australian migration and education agents [April 2024],https://www.aph.gov.au/Parliamentary_Business/Tabled_Documents/5836
5837,2024-05-09,7,6,yes,no,0,7 notes sentences against 6 labels,Australian Government response to the Joint Standing Committee on Migration report: Review processes associated with visa cancellations made on criminal grounds [April 2024],https://www.aph.gov.au/Parliamentary_Business/Tabled_Documents/5837
5838,2024-05-09,24,14,yes,no,0,24 notes sentences against 14 labels,Australian Government response to the Joint Standing Committee on Migration Interim and Final reports: Working Holiday Maker Program [April 2024],https://www.aph.gov.au/Parliamentary_Business/Tabled_Documents/5838
5839,2024-05-09,13,13,yes,yes,13,,Australian Government response to the Senate Select Committee on Strengthening Multiculturalism report: Ways of protecting and strengthening Australia’s multiculturalism and social inclusion [April 2024],https://www.aph.gov.au/Parliamentary_Business/Tabled_Documents/5839
5840,2024-05-09,41,40,yes,no,0,41 notes sentences against 40 labels,Australian Government response to the Senate Select Committee on Temporary Migration report: Temporary Migration Final Report [April 2024],https://www.aph.gov.au/Parliamentary_Business/Tabled_Documents/5840
5844,2024-05-09,3,1,yes,no,0,3 notes sentences against 1 labels,"Australian Government response to the Senate Finance and Public Administration Legislation Committee report: Public Governance, Performance and Accountability Amendment (Tax Transparency in Procurement and Grants) Bill 2019 [May 2024]",https://www.aph.gov.au/Parliamentary_Business/Tabled_Documents/5844
5845,2024-05-10,0,0,no,no,0,no recommendation labels in the text,Australian Government response to the Senate Education and Employment Legislation Committee report: Social Security Legislation Amendment (Streamlined Participation Requirements and Other Measures) Bill 2021 [Provisions],https://www.aph.gov.au/Parliamentary_Business/Tabled_Documents/5845
5846,2024-05-10,0,0,no,no,0,no recommendation labels in the text,Australian Government response to the Parliamentary Joint Committee on Human Rights report: ParentsNext: examination of Social Security (Parenting payment participation requirements – class of persons) Instrument 2021,https://www.aph.gov.au/Parliamentary_Business/Tabled_Documents/5846
5853,2024-05-10,19,20,yes,no,0,19 notes sentences against 20 labels,Australian Government response to the Joint Standing Committee on the National Capital and External Territories report: Telling Australia’s story – and why it’s important: Report on the inquiry into Canberra’s national institutions [May 2024],https://www.aph.gov.au/Parliamentary_Business/Tabled_Documents/5853
5859,2024-05-10,11,11,yes,yes,11,,"Australian Government response to the Joint Standing Committee on Foreign Affairs, Defence and Trade Final Report Transition from the Australian Defence Force (ADF) [May 2024]",https://www.aph.gov.au/Parliamentary_Business/Tabled_Documents/5859
5893,2024-05-14,1,1,yes,no,0,"a single label, which a table layout can fake",Australian Government response to the Joint Standing Committee on Electoral Matters report: Advisory report on the Commonwealth Electoral Amendment (Real Time Disclosure of Political Donations) Bill 2019,https://www.aph.gov.au/Parliamentary_Business/Tabled_Documents/5893
5896,2024-05-14,1,1,yes,no,0,"a single label, which a table layout can fake",Australian Government response to the Joint Standing Committee on Electoral Matters report: Commonwealth Electoral Amendment (Lowering the Donation Disclosure Threshold) Bill 2019,https://www.aph.gov.au/Parliamentary_Business/Tabled_Documents/5896
5897,2024-05-14,1,1,yes,no,0,"a single label, which a table layout can fake",Australian Government response to the Joint Standing Committee on Electoral Matters report: Report on the Candidate Qualification Checklist,https://www.aph.gov.au/Parliamentary_Business/Tabled_Documents/5897
5898,2024-05-14,1,1,yes,no,0,"a single label, which a table layout can fake",Australian Government response to the Joint Standing Committee on Electoral Matters report: Advisory report on the Commonwealth Electoral Amendment (Ensuring Fair Representation of the Northern Territory) Bill 2020,https://www.aph.gov.au/Parliamentary_Business/Tabled_Documents/5898
5899,2024-05-14,1,1,yes,no,0,"a single label, which a table layout can fake",Australian Government response to the Joint Standing Committee on Electoral Matters report: Interim report on the inquiry into the conduct of the 2013 Federal Election: Senate voting practices,https://www.aph.gov.au/Parliamentary_Business/Tabled_Documents/5899
5901,2024-05-14,1,1,yes,no,0,"a single label, which a table layout can fake",Australian Government response to the Joint Standing Committee on Electoral Matters report: The 2013 Federal Election: Report on all aspects of the conduct of the 2013 election and matters related thereto,https://www.aph.gov.au/Parliamentary_Business/Tabled_Documents/5901
5902,2024-05-14,1,1,yes,no,0,"a single label, which a table layout can fake",Australian Government response to the Joint Standing Committee on Electoral Matters report: Third interim report on the inquiry into the conduct of the 2016 federal election: AEC modernisation,https://www.aph.gov.au/Parliamentary_Business/Tabled_Documents/5902
5903,2024-05-14,2,1,yes,no,0,2 notes sentences against 1 labels,Australian Government response to the Joint Standing Committee on Electoral Matters report: Excluded: The impact of section 44 on Australian democracy,https://www.aph.gov.au/Parliamentary_Business/Tabled_Documents/5903
5904,2024-05-14,1,2,no,no,0,labels do not run without gaps,Australian Government response to the Joint Standing Committee on Electoral Matters report: Report on the conduct of the 2016 federal election and matters related thereto,https://www.aph.gov.au/Parliamentary_Business/Tabled_Documents/5904
5905,2024-05-14,1,1,yes,no,0,"a single label, which a table layout can fake",Australian Government response to the Joint Standing Committee on Electoral Matters report: Report on the conduct of the 2019 federal election and matters related thereto,https://www.aph.gov.au/Parliamentary_Business/Tabled_Documents/5905
5909,2024-05-14,15,15,no,no,0,labels do not run without gaps,Australian Government response to the House Standing Committee on Communications and the Arts report: Inquiry into factors contributing to the growth and sustainability of the Australian music industry,https://www.aph.gov.au/Parliamentary_Business/Tabled_Documents/5909
5912,2024-05-14,22,21,no,no,0,labels do not run without gaps,Australian Government response to the House Standing Committee on Communications and the Arts report: Sculpting a National Cultural Plan: Igniting a post-COVID economy for the arts,https://www.aph.gov.au/Parliamentary_Business/Tabled_Documents/5912
5915,2024-05-14,17,17,yes,yes,17,,Australian Government response to the House of Representatives Standing Committee on Agriculture and Industry report: Smart farming - inquiry into agricultural innovation,https://www.aph.gov.au/Parliamentary_Business/Tabled_Documents/5915
5918,2024-05-14,6,6,yes,yes,6,,Australian Government response to the Parliamentary Joint Committee on Intelligence and Security report: Review of Part 14 of the Telecommunications Act 1997 – Telecommunications Sector Security Reforms,https://www.aph.gov.au/Parliamentary_Business/Tabled_Documents/5918
5919,2024-05-14,11,10,yes,no,0,11 notes sentences against 10 labels,Australian Government response to the House Standing Committee on Agriculture and Water Resources report: Aussie logs for Aussie jobs: Inquiry into timber supply chain constraints in the Australian plantation sector,https://www.aph.gov.au/Parliamentary_Business/Tabled_Documents/5919
5921,2024-05-14,15,15,yes,yes,15,,Australian Government response to the House of Representatives Standing Committee on Agriculture and Water resources report: Supporting a strong future for Australian aquaculture: Inquiry into the Australian aquaculture sector,https://www.aph.gov.au/Parliamentary_Business/Tabled_Documents/5921
5922,2024-05-14,14,14,yes,yes,14,,Australian Government response to the Parliamentary Joint Committee on Intelligence and Security Advisory report on the Security Legislation Amendment (Critical Infrastructure) Bill 2020 and Statutory Review of the Security of Critical Infrastructure Act 2018,https://www.aph.gov.au/Parliamentary_Business/Tabled_Documents/5922
5923,2024-05-14,11,11,yes,yes,11,,Australian Government response to the Parliamentary Joint Committee on Intelligence and Security Advisory report on the Security Legislation Amendment (Critical Infrastructure Protection) Bill 2022,https://www.aph.gov.au/Parliamentary_Business/Tabled_Documents/5923
5924,2024-05-14,23,23,yes,yes,23,,Australian Government Response to the House of Representatives Standing Committee on the Environment and Energy Report: Powering Our Future,https://www.aph.gov.au/Parliamentary_Business/Tabled_Documents/5924
5926,2024-05-14,4,4,yes,yes,4,,Australian Government response to the Senate Environment and Communications Legislation Committee report: Broadcasting Legislation Amendment (2021 Measures No. 1) Bill 2021,https://www.aph.gov.au/Parliamentary_Business/Tabled_Documents/5926
5927,2024-05-14,2,2,yes,yes,2,,Australian Government response to the Environment and Communications References Committee report: Participation of Australians in online poker,https://www.aph.gov.au/Parliamentary_Business/Tabled_Documents/5927
5929,2024-05-14,1,1,yes,no,0,"a single label, which a table layout can fake",Australian Government response to the Senate Finance and Public Administration Legislation Committee Report: Commonwealth Electoral Amendment (Banning Dirty Donations) Bill 2020,https://www.aph.gov.au/Parliamentary_Business/Tabled_Documents/5929
5930,2024-05-14,1,1,yes,no,0,"a single label, which a table layout can fake",Australian Government response to the Senate Finance and Public Administration Legislation Committee report: Commonwealth Electoral Amendment (Donation Reform and Other Measures) Bill 2020,https://www.aph.gov.au/Parliamentary_Business/Tabled_Documents/5930
5933,2024-05-14,5,3,yes,no,0,5 notes sentences against 3 labels,Australian Government response to the Senate Legal and Constitutional Affairs Legislation Committee report: Migration (Validation of Port Appointments) Bill 2018,https://www.aph.gov.au/Parliamentary_Business/Tabled_Documents/5933
5988,2024-05-15,23,23,yes,yes,23,,Australian Government response to the House of Representatives Standing Committee on the Environment and Energy report: Powering our future,https://www.aph.gov.au/Parliamentary_Business/Tabled_Documents/5988
5993,2024-05-23,50,25,yes,no,0,50 notes sentences against 25 labels,Australian Government response to the Senate Environment and Communications References Committee report: Australia Post [May 2024],https://www.aph.gov.au/Parliamentary_Business/Tabled_Documents/5993
5994,2024-06-25,6,6,yes,yes,6,,Australian Government response to the Parliamentary Joint Committee on the Australian Commission for Law Enforcement Integrity report: Integrity of Australia’s Border Arrangements [April 2024],https://www.aph.gov.au/Parliamentary_Business/Tabled_Documents/5994
5995,2024-05-15,13,13,yes,yes,13,,Australian Government response to the House Standing Committee on Communications and the Arts report: Inquiry into factors contributing to the growth and sustainability of the Australian film and television industry,https://www.aph.gov.au/Parliamentary_Business/Tabled_Documents/5995
6019,2024-05-17,0,0,no,no,0,no recommendation labels in the text,"Australian Government response to the Senate Standing Committee on Legal and Constitutional Affairs report: Nationhood, national identity and democracy [May 2024]",https://www.aph.gov.au/Parliamentary_Business/Tabled_Documents/6019
6021,2024-06-25,3,3,yes,yes,3,,"Government response to the Senate Economics References Committee Australia's sovereign naval shipbuilding capability – Future Submarine Acquisition: A shambles - we don't think, we know [May 2024]",https://www.aph.gov.au/Parliamentary_Business/Tabled_Documents/6021
6022,2024-06-25,4,4,yes,yes,4,,Government response to the Senate Economics References Committee Australia's Sovereign Naval Shipbuilding Capability: Interim Report [May 2024],https://www.aph.gov.au/Parliamentary_Business/Tabled_Documents/6022
6023,2024-06-25,8,8,yes,yes,8,,Government response to the Senate Economics References Committee Future of Australia's naval shipbuilding industry Final report May 2024,https://www.aph.gov.au/Parliamentary_Business/Tabled_Documents/6023
6024,2024-05-17,1,5,no,no,0,labels do not run without gaps,Australian Government response to the Senate Finance and Public Administration References Committee report: APS Inc: undermining public sector capability and performance [May 2024],https://www.aph.gov.au/Parliamentary_Business/Tabled_Documents/6024
6025,2024-06-25,5,5,yes,yes,5,,"Australian Government response to the Senate Foreign Affairs, Defence and Trade References Committee Impact of Defence training activities and facilities on rural and regional communities – First interim report [May 2024]",https://www.aph.gov.au/Parliamentary_Business/Tabled_Documents/6025
6026,2024-06-25,5,5,yes,yes,5,,"Australian Government response to the Senate Foreign Affairs, Defence and Trade References Committee Impact of Defence training activities and facilities on rural and regional communities – Fourth interim report [May 2024]",https://www.aph.gov.au/Parliamentary_Business/Tabled_Documents/6026
6027,2024-06-25,4,4,yes,yes,4,,"Australian Government response to the Senate Foreign Affairs, Defence and Trade References Committee Impact of Defence training activities and facilities on rural and regional communities – Second interim report [May 2024]",https://www.aph.gov.au/Parliamentary_Business/Tabled_Documents/6027
6028,2024-06-25,2,2,yes,yes,2,,"Australian Government response to the Senate Foreign Affairs, Defence and Trade References Committee Impact of Defence training activities and facilities on rural and regional communities – Third interim report [May 2024]",https://www.aph.gov.au/Parliamentary_Business/Tabled_Documents/6028
6033,2024-05-16,1,4,no,no,0,labels do not run without gaps,Australian Government response to the House of Representatives Standing Committee on Social Policy and Legal Affairs report: Inquiry into constitutional reform and referendums,https://www.aph.gov.au/Parliamentary_Business/Tabled_Documents/6033
6044,2024-05-16,6,8,yes,no,0,6 notes sentences against 8 labels,Australian Government Response to the House of Representatives Standing Committee on Procedure report: Role of the Federation Chamber - Celebrating 20 years of operation,https://www.aph.gov.au/Parliamentary_Business/Tabled_Documents/6044
6050,2024-05-16,0,0,no,no,0,no recommendation labels in the text,Australian Government Response - Inquiry into innovation and creativity: workforce for the new economy,https://www.aph.gov.au/Parliamentary_Business/Tabled_Documents/6050
6051,2024-05-16,0,0,no,no,0,no recommendation labels in the text,Australian Government Response - Status of the teaching profession,https://www.aph.gov.au/Parliamentary_Business/Tabled_Documents/6051
6052,2024-05-16,0,0,no,no,0,no recommendation labels in the text,Australian Government Response - Inquiry into school to work transition,https://www.aph.gov.au/Parliamentary_Business/Tabled_Documents/6052
6053,2024-05-16,0,0,no,no,0,no recommendation labels in the text,Australian Government Response - Education in Remote and Complex Environments,https://www.aph.gov.au/Parliamentary_Business/Tabled_Documents/6053
6054,2024-05-16,0,0,no,no,0,no recommendation labels in the text,Australian Government Response - Inquiry into Funding Australia's Research,https://www.aph.gov.au/Parliamentary_Business/Tabled_Documents/6054
6067,2024-05-17,68,1,no,no,0,labels do not run without gaps,"Australian Government response to the reports of the Joint Standing Committee on Migration: Report 1: Immigration detention in Australia: A new beginning - Criteria for release from detention (tabled December 2008) Report 2: Immigration detention in Australia: Community-based alternatives to detention (tabled May 2009) Report 3: Immigration detention in Australia: Facilities, services and transparency (tabled August 2009) [April 2024]",https://www.aph.gov.au/Parliamentary_Business/Tabled_Documents/6067
6068,2024-05-17,21,12,yes,no,0,21 notes sentences against 12 labels,"Australian Government response to the Senate Legal and Constitutional Affairs References Committee report: Serious allegations of abuse, self-harm and neglect of asylum seekers in relation to the Nauru Regional Processing Centre, and any like allegations in relation to the Manus Regional Processing Centre [April 2024]",https://www.aph.gov.au/Parliamentary_Business/Tabled_Documents/6068
6069,2024-05-17,11,7,yes,no,0,11 notes sentences against 7 labels,Australian Government response to the Senate Legal and Constitutional Affairs Legislation Committee report: Migration Amendment (Prohibiting Items in Immigration Detention Facilities) Bill 2017 [April 2024],https://www.aph.gov.au/Parliamentary_Business/Tabled_Documents/6069
6070,2024-05-17,9,6,yes,no,0,9 notes sentences against 6 labels,Australian Government response to the Senate Legal and Constitutional Affairs Committee report: Migration Amendment (Prohibiting Items in Immigration Detention Facilities) Bill 2020 [April 2024],https://www.aph.gov.au/Parliamentary_Business/Tabled_Documents/6070
6143,2024-05-23,27,20,yes,no,0,27 notes sentences against 20 labels,Australian Government response to the Senate Select Committee on Certain Aspects of Queensland Government Administration related to Commonwealth Government Affairs Report [May 2024],https://www.aph.gov.au/Parliamentary_Business/Tabled_Documents/6143
6144,2024-05-23,0,0,no,no,0,no recommendation labels in the text,Australian Government response to the Senate Standing Committee on Economics report: The Australian Manufacturing Industry [May 2024],https://www.aph.gov.au/Parliamentary_Business/Tabled_Documents/6144
6145,2024-05-23,12,10,yes,no,0,12 notes sentences against 10 labels,Australian Government response to the Senate Environment and Communications Legislation report: Environment Protection and Biodiversity Conservation Amendment (Standing) Bill 2015 [Provisions] [May 2024],https://www.aph.gov.au/Parliamentary_Business/Tabled_Documents/6145
6146,2024-05-23,6,2,yes,no,0,6 notes sentences against 2 labels,Australian Government response to the Environment and Communications Legislation Committee report: Water Amendment (Purchase Limit Repeal) Bill 2019 [May 2024],https://www.aph.gov.au/Parliamentary_Business/Tabled_Documents/6146
6147,2024-05-23,26,20,yes,no,0,26 notes sentences against 20 labels,Australian Government response to the Environment and Communications References Committee report: Adequacy of the regulatory framework governing water use by the extractive industry [May 2024],https://www.aph.gov.au/Parliamentary_Business/Tabled_Documents/6147
6148,2024-05-23,17,17,yes,yes,17,,"Australian Government response to the Senate Environment and Communications References report: Impact of feral deer, pigs and goats in Australia [May 2024]",https://www.aph.gov.au/Parliamentary_Business/Tabled_Documents/6148
6149,2024-05-23,18,1,no,no,0,labels do not run without gaps,Australian Government response to the Senate Environment and Communications References report: In hot water: the impacts of climate change on marine fisheries and biodiversity [May 2024],https://www.aph.gov.au/Parliamentary_Business/Tabled_Documents/6149
6150,2024-05-23,18,18,yes,yes,18,,Australian Government response to the Environment and Communications References Committee report: Never waste a crisis: the waste and recycling industry in Australia [May 2024],https://www.aph.gov.au/Parliamentary_Business/Tabled_Documents/6150
6151,2024-05-23,37,32,yes,no,0,37 notes sentences against 32 labels,Australian Government response to the Senate Environment and Communications References report: Rehabilitation of mining and resources projects and power station ash dams as it relates to Commonwealth responsibilities [May 2024],https://www.aph.gov.au/Parliamentary_Business/Tabled_Documents/6151
6152,2024-05-23,6,4,yes,no,0,6 notes sentences against 4 labels,Australian Government response to the Environment Communications and the Arts References Committee report: The impacts of mining in the Murray-Darling Basin [May 2024],https://www.aph.gov.au/Parliamentary_Business/Tabled_Documents/6152
6153,2024-05-23,23,23,yes,yes,23,,Australian Government response to the Senate Environment and Communications References report: Toxic tide: the threat of marine plastic pollution in Australia [May 2024],https://www.aph.gov.au/Parliamentary_Business/Tabled_Documents/6153
6156,2024-05-23,35,1,no,no,0,labels do not run without gaps,Australian Government response to the Select Committee on the Multi-Jurisdictional Management and Execution of the Murray Darling Basin Plan report: Final report and report on Constitution Alteration (Water Resources) 2019 [May 2024],https://www.aph.gov.au/Parliamentary_Business/Tabled_Documents/6156
6158,2024-05-23,0,0,no,no,0,no recommendation labels in the text,Australian Government response to the Senate Standing Committees on Rural and Regional Affairs and Transport report: Current requirements for labelling of seafood and seafood products [May 2024],https://www.aph.gov.au/Parliamentary_Business/Tabled_Documents/6158
6159,2024-05-23,16,8,yes,no,0,16 notes sentences against 8 labels,Australian Government response to the Senate Rural and Regional Affairs and Transport References report: Identification of leading practices in ensuring evidence-based regulation of farm practices that impact water quality outcomes in the Great Barrier Reef [May 2024],https://www.aph.gov.au/Parliamentary_Business/Tabled_Documents/6159
6160,2024-05-23,9,6,yes,no,0,9 notes sentences against 6 labels,Australian Government response to the Rural and Regional Affairs and Transport References report: Integrity of the water market in the Murray-Darling Basin [May 2024],https://www.aph.gov.au/Parliamentary_Business/Tabled_Documents/6160
6161,2024-05-23,29,24,yes,no,0,29 notes sentences against 24 labels,Australian Government response to the Rural and Regional Affairs and Transport References Committee report: Interim report: The impact of mining coal seam gas on the management of the Murray-Darling Basin [May 2024],https://www.aph.gov.au/Parliamentary_Business/Tabled_Documents/6161
6162,2024-05-23,10,8,yes,no,0,10 notes sentences against 8 labels,Australian Government response to the Rural and Regional Affairs and Transport References Committee Committee report: Water Legislation Amendment (Inspector-General of Water Compliance and Other Measures) Act 2021,https://www.aph.gov.au/Parliamentary_Business/Tabled_Documents/6162
6163,2024-05-23,0,0,no,no,0,no recommendation labels in the text,Australian Government response to the Joint Select Committee on Trade and Investment Growth] report: Inquiry into Australia’s Future in Research and Innovation [May 2024],https://www.aph.gov.au/Parliamentary_Business/Tabled_Documents/6163
6164,2024-05-23,3,3,yes,yes,3,,Australian Government response to the Joint Standing Committee on Treaties report: Report 189 - Capital Increase WBG IBRD; Capital Increase WBG IFC; Amendments CMS; Termination IPPA-Indonesia [May 2024],https://www.aph.gov.au/Parliamentary_Business/Tabled_Documents/6164
6209,2024-05-28,4,4,yes,yes,4,,Australian Government Response to the House of Representatives Standing Committee on the Environment and Energy Report: Living With Fruit Bats [May 2024],https://www.aph.gov.au/Parliamentary_Business/Tabled_Documents/6209
6210,2024-05-28,8,8,yes,yes,8,,Australian Government Response to the Standing Committee On Agriculture And Water Resources Report: Making Every Drop Count [May 2024],https://www.aph.gov.au/Parliamentary_Business/Tabled_Documents/6210
6211,2024-05-28,0,0,no,no,0,no recommendation labels in the text,Australian Government Response to the House of Representatives Standing Committee on Economics report: Report on the inquiry into impediments to business investment [May 2024],https://www.aph.gov.au/Parliamentary_Business/Tabled_Documents/6211
6213,2024-05-29,13,13,yes,yes,13,,"Australian Government Response to the House of Representatives Standing Committee On The Environment Report Streamlining Environmental Legislation Inquiry Into Streamlining Environmental Regulation, 'Green Tape', And One Stop Shops [May 2024]",https://www.aph.gov.au/Parliamentary_Business/Tabled_Documents/6213
6226,2024-05-30,10,10,yes,yes,10,,"Australian Government response to the House of Representatives Standing Committee on Infrastructure, Transport and Cities report: Smart ICT: Report on the inquiry into the role of smart ICT in the design and planning of infrastructure [May 2024]",https://www.aph.gov.au/Parliamentary_Business/Tabled_Documents/6226
6227,2024-06-25,1,1,yes,no,0,"a single label, which a table layout can fake","Australian Government response to the Joint Standing Committee on the National Capital and External Territories interim report: Economic, social and environmental sustainability in the Indian Ocean Territories [May 2024]",https://www.aph.gov.au/Parliamentary_Business/Tabled_Documents/6227
6228,2024-05-30,13,13,yes,yes,13,,Australian Government response to the House of Representatives Select Committee on Regional Australia report: Pride of Place – Inquiry into the future of Regional Australia,https://www.aph.gov.au/Parliamentary_Business/Tabled_Documents/6228
6229,2024-06-25,1,1,yes,no,0,"a single label, which a table layout can fake",Australian Government response to the Joint Standing Committee on the National Capital and External Territories interim report: Availability and access to enabling communications infrastructure in Australia’s external territories [May 2024],https://www.aph.gov.au/Parliamentary_Business/Tabled_Documents/6229
6235,2024-06-07,2,2,yes,yes,2,,"Australian Government response to the Economics References Committee report: Inquiry into the indictors of, and impact of, regional inequality in Australia [May 2024]",https://www.aph.gov.au/Parliamentary_Business/Tabled_Documents/6235
6236,2024-06-07,6,6,yes,yes,6,,"Australian Government response to the Senate Economics Reference Committee Report – Toll Roads: issues of building, financing and charging [May 2024]",https://www.aph.gov.au/Parliamentary_Business/Tabled_Documents/6236
6237,2024-06-07,35,17,yes,no,0,35 notes sentences against 17 labels,Australian Government response to the Senate Select Committee on Electric Vehicles report: The use and manufacture of electric vehicles in Australia [May 2024],https://www.aph.gov.au/Parliamentary_Business/Tabled_Documents/6237
6239,2024-06-07,7,7,yes,yes,7,,Australian Government response to the Senate Finance and Public Administration References Committee report: The administration and expenditure of funding under the Urban Congestion Fund [May 2024],https://www.aph.gov.au/Parliamentary_Business/Tabled_Documents/6239
6240,2024-06-25,8,8,yes,yes,8,,Australian Government response to the Joint Standing Committee on Foreign Affairs Defence and Trade report: Expanding the membership of the Comprehensive and Progressive Trans-Pacific Partnership [May 2024],https://www.aph.gov.au/Parliamentary_Business/Tabled_Documents/6240
6241,2024-06-25,5,5,yes,yes,5,,"Australian Government response to the Joint Standing Committee on Foreign Affairs, Defence and Trade report: One Region, One Family, One Future: Deepening relations with the Pacific nations through trade [May 2024]",https://www.aph.gov.au/Parliamentary_Business/Tabled_Documents/6241
6242,2024-06-07,1,1,yes,no,0,"a single label, which a table layout can fake","Australian Government response to the Senate Foreign Affairs, Defence and Trade References Committee report: Australia’s declarations made under certain international laws [May 2024]",https://www.aph.gov.au/Parliamentary_Business/Tabled_Documents/6242
6243,2024-06-07,19,19,yes,yes,19,,"Australian Government response to the Senate Foreign Affairs, Defence and Trade References Committee report: Inquiry into opportunities for strengthening Australia’s relations with the Republic of France [May 2024]",https://www.aph.gov.au/Parliamentary_Business/Tabled_Documents/6243
6244,2024-06-25,5,5,yes,yes,5,,Australian Government Response to the Recommendations of the Parliamentary Joint Committee on Intelligence and Security Annual Report of Committee Activities 2020-2021 [May 2024],https://www.aph.gov.au/Parliamentary_Business/Tabled_Documents/6244
6245,2024-06-25,8,0,no,no,0,no recommendation labels in the text,Australian Government Response to the Inquiry into National Disability Insurance Scheme Workforce Final Report of the Joint Standing Committee on the National Disability Insurance Scheme [May 2024],https://www.aph.gov.au/Parliamentary_Business/Tabled_Documents/6245
6246,2024-06-07,3,2,yes,no,0,3 notes sentences against 2 labels,Australian Government response to the Senate Rural and Regional Affairs and Transport Legislation Committee report: Air Services Amendment Bill 2018 [May 2024],https://www.aph.gov.au/Parliamentary_Business/Tabled_Documents/6246
6247,2024-06-07,12,12,yes,yes,12,,Australian Government response to the Senate Rural and Regional Affairs and Transport Legislation Committee report: Australia’s general aviation industry [May 2024],https://www.aph.gov.au/Parliamentary_Business/Tabled_Documents/6247
6248,2024-06-07,10,9,yes,no,0,10 notes sentences against 9 labels,Australian Government response to the Rural and Regional Affairs and Transport References Committee report: Future role and contribution of regional capitals to Australia [May 2024],https://www.aph.gov.au/Parliamentary_Business/Tabled_Documents/6248
6249,2024-06-07,28,28,yes,yes,28,,"Australian Government response to the Senate Rural and Regional Affairs and Transport References Committee report: The policy, regulatory, taxation, administrative and funding priorities for Australian shipping [May 2024]",https://www.aph.gov.au/Parliamentary_Business/Tabled_Documents/6249
6250,2024-06-07,12,11,no,no,0,labels do not run without gaps,"Australian Government response to the Senate Rural and Regional Affairs and Transport References Committee interim and final reports: The future of Australia’s aviation sector, in the context of COVID-19 and conditions post pandemic [May 2024]",https://www.aph.gov.au/Parliamentary_Business/Tabled_Documents/6250
6251,2024-06-07,11,11,yes,yes,11,,Australian Government response to the Senate Select Committee on the Scrutiny of Government Budget Measures - Second Interim Report [May 2024],https://www.aph.gov.au/Parliamentary_Business/Tabled_Documents/6251
6404,2024-06-20,9,9,yes,yes,9,,Australian Government response to the Joint Select Committee on the Australia Fund Establishment report: An inquiry into the establishment of a fund to support rural and manufacturing industries,https://www.aph.gov.au/Parliamentary_Business/Tabled_Documents/6404
6406,2024-06-20,8,4,yes,no,0,8 notes sentences against 4 labels,Australian Government response to the Senate Finance and Public Administration Legislation Committee report: COAG Legislation Amendment Bill 2021 [May 2024],https://www.aph.gov.au/Parliamentary_Business/Tabled_Documents/6406
6407,2024-06-20,2,2,yes,yes,2,,Australian Government response to the Senate Finance and Public Administration Legislation Committee report: Plebiscite for an Australian Republic Bill 2008 [May 2024],https://www.aph.gov.au/Parliamentary_Business/Tabled_Documents/6407
6408,2024-06-20,11,7,yes,no,0,11 notes sentences against 7 labels,Australian Government response to the Senate Finance and Public Administration References Committee report: Compliance by former Ministers of State with the requirements of the Prime Minister’s Statement of Ministerial Standards [May 2024],https://www.aph.gov.au/Parliamentary_Business/Tabled_Documents/6408
6409,2024-06-20,21,21,yes,yes,21,,Australian Government response to the Senate Finance and Public Administration References Committee report: Staff employed under the Members of Parliament (Staff) Act 1984 [May 2024],https://www.aph.gov.au/Parliamentary_Business/Tabled_Documents/6409
6410,2024-06-20,2,2,yes,yes,2,,Australian Government response to the Senate Legal and Constitutional Affairs References Committee report: A claim of public interest immunity raised over documents [May 2024],https://www.aph.gov.au/Parliamentary_Business/Tabled_Documents/6410
6411,2024-06-20,25,24,yes,no,0,25 notes sentences against 24 labels,Australian Government response to the Senate Legal and Constitutional Affairs References Committee report: The road to a republic [May 2024],https://www.aph.gov.au/Parliamentary_Business/Tabled_Documents/6411
6415,2024-06-20,4,4,yes,yes,4,,Australian Government response to the Joint Parliamentary Standing Committee on Public Works report: 2nd Report of 2020 – Referrals made November 2019 and February 2020 [May 2024],https://www.aph.gov.au/Parliamentary_Business/Tabled_Documents/6415
6416,2024-06-20,5,5,yes,yes,5,,Australian Government response to the Senate Select Committee on Red Tape report: Policy and process to limit and reduce red tape [May 2024],https://www.aph.gov.au/Parliamentary_Business/Tabled_Documents/6416
6418,2024-06-20,0,1,yes,no,0,0 notes sentences against 1 labels,Australian Government response to the Senate Standing Committee on Economics report: Australia’s oil and gas reserves [June 2024],https://www.aph.gov.au/Parliamentary_Business/Tabled_Documents/6418
6419,2024-06-20,0,0,no,no,0,no recommendation labels in the text,Australian Government response to the Select Committee on Unconventional Gas Mining report: Interim Report [June 2024],https://www.aph.gov.au/Parliamentary_Business/Tabled_Documents/6419
6458,2024-06-24,0,0,no,no,0,no recommendation labels in the text,"Australian Government response to the House of Representatives Standing Committee on Industry, Innovation, Science and Resources report: ‘Keep it in the regions: mining and resources industry support for businesses in regional economies’ [June 2024]",https://www.aph.gov.au/Parliamentary_Business/Tabled_Documents/6458
6633,2024-08-13,5,5,yes,yes,5,,Australian Government response to the Senate Committee on Economics report: Treasury Laws Amendment (Cyclone and Flood Damage Reinsurance Pool) Bill 2022 [Provisions] [May 2024],https://www.aph.gov.au/Parliamentary_Business/Tabled_Documents/6633
6634,2024-08-13,1,1,yes,no,0,"a single label, which a table layout can fake","Australian Government response to the Senate Economics Committee report: Financial Accountability Regime Bill 2021 [Provisions], Financial Sector Reform (Hayne Royal Commission Response No.3) Bill 2021 [Provisions], Financial Services Compensation Scheme of Last Resort Levy Bill 2021 [Provisions], and Financial Services Compensation Scheme of Last Resort Levy (Collection) Bill 2021 [Provisions] [May 2024]",https://www.aph.gov.au/Parliamentary_Business/Tabled_Documents/6634
6635,2024-08-13,12,11,yes,no,0,12 notes sentences against 11 labels,Australian Government response to the Senate Economics Committee report: Sterling Income Trust [May 2024],https://www.aph.gov.au/Parliamentary_Business/Tabled_Documents/6635
6636,2024-08-13,1,1,yes,no,0,"a single label, which a table layout can fake",Australian Government response to the Senate Committee on Economics report: Corporations Amendment (Improving Outcomes for Litigation Funding Participants) Bill 2021 [May 2024],https://www.aph.gov.au/Parliamentary_Business/Tabled_Documents/6636
6637,2024-08-13,4,4,yes,yes,4,,Australian Government response to the Senate Committee on Economics report: Offshore Petroleum (Laminaria and Corallina Decommissioning Cost Recovery Levy) Bill 2021 [Provisions] and Treasury Laws Amendment (Laminaria and Corallina Decommissioning Cost Recovery Levy) Bill 2021 [Provisions] [May 2024],https://www.aph.gov.au/Parliamentary_Business/Tabled_Documents/6637
6638,2024-08-13,23,23,yes,yes,23,,Australian Government response to the Senate Select Committee on Australia as a Technology and Financial Centre: Second Interim report [May 2024],https://www.aph.gov.au/Parliamentary_Business/Tabled_Documents/6638
6639,2024-08-13,7,5,yes,no,0,7 notes sentences against 5 labels,Australian Government response to the Senate Committee on Economics report: Australian Business Growth Fund Bill 2019 [Provisions] [May 2024],https://www.aph.gov.au/Parliamentary_Business/Tabled_Documents/6639
6640,2024-08-13,1,1,no,no,0,labels do not run without gaps,Australian Government response to the Senate Committee on Economics report: Treasury Laws Amendment (News Media and Digital Platforms Mandatory Bargaining Code) Bill 2020 [May 2024],https://www.aph.gov.au/Parliamentary_Business/Tabled_Documents/6640
6641,2024-08-13,7,3,yes,no,0,7 notes sentences against 3 labels,Australian Government response to the Senate Committee on Economics report: Foreign Investment Reform (Protecting Australia's National Security) Bill 2020 [Provisions] and Foreign Acquisitions and Takeovers Fees Imposition Amendment Bill 2020 [Provisions] [May 2024],https://www.aph.gov.au/Parliamentary_Business/Tabled_Documents/6641
6642,2024-08-13,5,5,no,no,0,labels do not run without gaps,Australian Government response to the Senate Committee on Economics report: Treasury Laws Amendment (Self Managed Superannuation Funds) Bill 2020 [May 2024],https://www.aph.gov.au/Parliamentary_Business/Tabled_Documents/6642
6643,2024-08-13,3,3,no,no,0,labels do not run without gaps,Australian Government response to the Senate Committee on Economics report: Treasury Laws Amendment (Research and Development Tax Incentive) Bill 2019 [Provisions] [May 2024],https://www.aph.gov.au/Parliamentary_Business/Tabled_Documents/6643
6644,2024-08-13,3,2,yes,no,0,3 notes sentences against 2 labels,Australian Government response to the Senate Committee on Economics report: National Consumer Credit Protection Amendment (Small Amount Credit Contract and Consumer Lease Reforms) Bill 2019 (No. 2) [May 2024],https://www.aph.gov.au/Parliamentary_Business/Tabled_Documents/6644
6645,2024-08-13,32,32,yes,yes,32,,Australian Government response to the Senate Select Committee on Australia as a Technology and Financial Centre First Interim report [May 2024],https://www.aph.gov.au/Parliamentary_Business/Tabled_Documents/6645
6646,2024-08-13,21,16,yes,no,0,21 notes sentences against 16 labels,Australian Government response to the Senate Committee on Economics report: Performance of the Inspector-General of Taxation [May 2024],https://www.aph.gov.au/Parliamentary_Business/Tabled_Documents/6646
6647,2024-08-13,3,2,yes,no,0,3 notes sentences against 2 labels,Australian Government response to the Senate Committee on Environment and Communications report: Competition and Consumer Amendment (Prevention of Exploitation of Indigenous Cultural Expressions) Bill 2019 [May 2024],https://www.aph.gov.au/Parliamentary_Business/Tabled_Documents/6647
6648,2024-08-13,8,8,yes,yes,8,,Australian Government response to the Senate Committee on Economics report: Currency (Restrictions on the Use of Cash) Bill 2019 [Provisions] [May 2024],https://www.aph.gov.au/Parliamentary_Business/Tabled_Documents/6648
6649,2024-08-13,10,1,no,no,0,labels do not run without gaps,Australian Government response to the Senate Committee on Legal and Constitutional Affairs report: Resolution of disputes with financial service providers within the justice system [May 2024],https://www.aph.gov.au/Parliamentary_Business/Tabled_Documents/6649
6650,2024-08-13,20,1,no,no,0,labels do not run without gaps,Australian Government response to the Senate Committee on Economics report: Credit and hardship: report of the Senate inquiry into credit and financial products targeted at Australians at risk of financial hardship [May 2024],https://www.aph.gov.au/Parliamentary_Business/Tabled_Documents/6650
6651,2024-08-13,3,3,yes,yes,3,,"Australian Government response to the Senate Committee on Economics report: Regulatory framework for the protection of consumers in the banking, insurance and financial services sector [May 2024]",https://www.aph.gov.au/Parliamentary_Business/Tabled_Documents/6651
6652,2024-08-13,1,1,yes,no,0,"a single label, which a table layout can fake",Australian Government response to the Senate Committee on Economics report: National Consumer Credit Protection Amendment (Mandatory Comprehensive Credit Reporting) Bill 2018 [Provisions] [May 2024],https://www.aph.gov.au/Parliamentary_Business/Tabled_Documents/6652
6653,2024-08-13,18,13,yes,no,0,18 notes sentences against 13 labels,"Australian Government response to the Senate Committee on Economics report: Corporate tax avoidance - Part III: Much heat, little light so far [May 2024]",https://www.aph.gov.au/Parliamentary_Business/Tabled_Documents/6653
6654,2024-08-13,1,1,yes,no,0,"a single label, which a table layout can fake",Australian Government response to the Senate Committee on Economics report: Treasury Laws Amendment (Reducing Pressure on Housing Affordability Measures (No.2) Bill 2018 [Provisions] and Foreign Acquisitions and Takeovers Fees Imposition Amendment (Near-new Dwelling Interests) Bill 2018 [Provisions] [May 2024],https://www.aph.gov.au/Parliamentary_Business/Tabled_Documents/6654
6655,2024-08-13,27,27,yes,yes,27,,Australian Government response to the Senate Committee on Lending to Primary Production Customers report Lending to Primary Production Customers - Report [May 2024],https://www.aph.gov.au/Parliamentary_Business/Tabled_Documents/6655
6656,2024-08-13,32,32,yes,yes,32,,Australian Government response to the Senate Committee on Economics report: Superbad - Wage theft and non-compliance of the Superannuation Guarantee [May 2024],https://www.aph.gov.au/Parliamentary_Business/Tabled_Documents/6656
6657,2024-08-13,3,3,yes,yes,3,,"Australian Government response to the Senate Select Committee on Red Tape report: Effect of red tape on the sale, supply and taxation of alcohol — Interim report [May 2024]",https://www.aph.gov.au/Parliamentary_Business/Tabled_Documents/6657
6658,2024-08-13,2,2,yes,yes,2,,Australian Government response to the Senate Committee on Economics report: Superannuation (Objective) Bill 2016 [Provisions] [May 2024],https://www.aph.gov.au/Parliamentary_Business/Tabled_Documents/6658
6659,2024-08-13,2,1,yes,no,0,2 notes sentences against 1 labels,Australian Government response to the Senate Committee on Economics report: Corporate tax avoidance—Part II: Gaming the system [May 2024],https://www.aph.gov.au/Parliamentary_Business/Tabled_Documents/6659
6660,2024-08-13,24,17,yes,no,0,24 notes sentences against 17 labels,Australian Government response to the Senate Committee on Economics report: Corporate tax avoidance: Part I – You cannot tax what you cannot see [May 2024],https://www.aph.gov.au/Parliamentary_Business/Tabled_Documents/6660
6661,2024-08-13,3,0,no,no,0,no recommendation labels in the text,Australian Government response to the Senate Economics Legislation Committee report: COAG Reform Fund Amendment (No Electric Vehicle Taxes) Bill 2020 [May 2024],https://www.aph.gov.au/Parliamentary_Business/Tabled_Documents/6661
6662,2024-08-13,1,1,no,no,0,labels do not run without gaps,Australian Government response to the Joint Committee on Corporations and Financial Services report: Corporations Amendment (Improving Outcomes for Litigation Funding Participants) Bill 2021 [May 2024],https://www.aph.gov.au/Parliamentary_Business/Tabled_Documents/6662
6663,2024-08-13,2,2,yes,yes,2,,Australian Government response to the Joint Committee on Corporations and Financial Services report: Regulation of Auditing in Australia: Final Report [May 2024],https://www.aph.gov.au/Parliamentary_Business/Tabled_Documents/6663
6664,2024-08-13,10,10,yes,yes,10,,Australian Government response to the Joint Committee on Corporations and Financial Services report: Regulation of auditing in Australia – Interim Report [May 2024],https://www.aph.gov.au/Parliamentary_Business/Tabled_Documents/6664
6665,2024-08-13,4,4,yes,yes,4,,Australian Government response to the Joint Committee on Corporations and Financial Services report: Report on the 2017-2018 annual reports of bodies established under the ASIC Act [May 2024],https://www.aph.gov.au/Parliamentary_Business/Tabled_Documents/6665
6666,2024-08-13,2,2,yes,yes,2,,"Australian Government response to the Joint Committee on Corporations and Financial Services report: Statutory Oversight of the Australian Securities and Investments Commission, the Takeovers Panel and the Corporations Legislation: Report No. 1 of the 45th Parliament [May 2024]",https://www.aph.gov.au/Parliamentary_Business/Tabled_Documents/6666
6667,2024-08-13,5,5,yes,yes,5,,Australian Government response to the Joint Committee on Corporations and Financial Services report: Options for greater involvement by private sector life insurers in worker rehabilitation [May 2024],https://www.aph.gov.au/Parliamentary_Business/Tabled_Documents/6667
6668,2024-08-13,49,49,no,no,0,labels do not run without gaps,Australian Government response to the Joint Committee on Corporations and Financial Services report: Life Insurance Industry [May 2024],https://www.aph.gov.au/Parliamentary_Business/Tabled_Documents/6668
6669,2024-08-13,12,11,yes,no,0,12 notes sentences against 11 labels,Australian Government response to the Joint Committee on Corporations and Financial Services report: Impairment of Customer Loans [May 2024],https://www.aph.gov.au/Parliamentary_Business/Tabled_Documents/6669
6670,2024-08-13,13,13,yes,yes,13,,Australian Government response to the Joint Committee on Trade and Investment Growth report: The Prudential Regulation of Investment in Australia's Export Industries [May 2024],https://www.aph.gov.au/Parliamentary_Business/Tabled_Documents/6670
6715,2024-07-04,3,3,yes,yes,3,,Australian Government response to the House Committee on Economics report: Inquiry into the implications of common ownership and capital concentration in Australia,https://www.aph.gov.au/Parliamentary_Business/Tabled_Documents/6715
6716,2024-07-04,6,4,yes,no,0,6 notes sentences against 4 labels,Australian Government response to the House Committee on Economics report: Report on the inquiry into the implications of removing refundable franking credits,https://www.aph.gov.au/Parliamentary_Business/Tabled_Documents/6716
6717,2024-07-04,4,4,yes,yes,4,,Australian Government response to the House Committee on Economics report: Review of the Four Major Banks (Third Report),https://www.aph.gov.au/Parliamentary_Business/Tabled_Documents/6717
6718,2024-07-04,18,18,yes,yes,18,,Australian Government response to the House Committee on Tax and Revenue report: Owning a Share of Your Work: Tax Treatment of Employee Share Schemes,https://www.aph.gov.au/Parliamentary_Business/Tabled_Documents/6718
6719,2024-07-04,19,19,yes,yes,19,,Australian Government response to the House Committee on Tax and Revenue report: 2018-19 Commissioner of Taxation Annual Report,https://www.aph.gov.au/Parliamentary_Business/Tabled_Documents/6719
6720,2024-07-04,12,12,yes,yes,12,,Australian Government response to the House Committee on Tax and Revenue report: The Development of the Australian Corporate Bond Market: A Way Forward,https://www.aph.gov.au/Parliamentary_Business/Tabled_Documents/6720
6721,2024-07-04,37,1,no,no,0,labels do not run without gaps,"Australian Government response to the House Committee on Tax and Revenue report: 2017 Annual Report of the Australian Taxation Office: Fairness, functions and frameworks - performance review",https://www.aph.gov.au/Parliamentary_Business/Tabled_Documents/6721
6722,2024-07-04,16,16,yes,yes,16,,Australian Government response to the House Committee on Tax and Revenue report: The Australian Dream - Inquiry into housing affordability and supply in Australia,https://www.aph.gov.au/Parliamentary_Business/Tabled_Documents/6722
6754,2024-07-11,1,1,yes,no,0,"a single label, which a table layout can fake",Australian Government Response - Parliamentary Joint Committee on Law Enforcement Interim and Final Reports - Vaccine Related Fraud and Security Risks,https://www.aph.gov.au/Parliamentary_Business/Tabled_Documents/6754
6786,2024-07-18,0,1,no,no,0,labels do not run without gaps,“Wage theft? What wage theft?!”: The exploitation of general and specialist cleaners working in retail chains for contracting or subcontracting companies,https://www.aph.gov.au/Parliamentary_Business/Tabled_Documents/6786
6787,2024-07-18,0,0,no,no,0,no recommendation labels in the text,Corporate Avoidance of the Fair Work Act 2009,https://www.aph.gov.au/Parliamentary_Business/Tabled_Documents/6787
6932,2024-08-09,11,6,yes,no,0,11 notes sentences against 6 labels,Australian Government response to the Senate Environment and Communications References Committee report: Media Diversity in Australia,https://www.aph.gov.au/Parliamentary_Business/Tabled_Documents/6932
6993,2024-08-13,12,12,yes,yes,12,,"Australian government response to the House Standing Committee of Communications and the Arts,The future of regional newspapers in a digital world: Inquiry into Australia’s regional newspapers [August, 2024]",https://www.aph.gov.au/Parliamentary_Business/Tabled_Documents/6993
7543,2024-10-03,1,0,no,no,0,no recommendation labels in the text,"Australian Government Response to the Community Affairs References Committee report - Inquiry into the purpose, intent and adequacy of the Disability Support Pension",https://www.aph.gov.au/Parliamentary_Business/Tabled_Documents/7543
7557,2024-10-03,1,0,no,no,0,no recommendation labels in the text,Australian Government response to the Senate Community Affairs References Committee for the Inquiry into the Adequacy of Newstart and related payments and alternative mechanisms to determine the level of income support payments in Australia,https://www.aph.gov.au/Parliamentary_Business/Tabled_Documents/7557
7561,2024-10-03,1,0,no,no,0,no recommendation labels in the text,Australian Government Response to Administration of registration and notification by the Australian Health Practitioner Regulation Agency and related entities under the Health Practitioner Regulation National Law,https://www.aph.gov.au/Parliamentary_Business/Tabled_Documents/7561
7565,2024-10-03,1,0,no,no,0,no recommendation labels in the text,Australian Government Response to Financial and tax practices of for-profit aged care providers,https://www.aph.gov.au/Parliamentary_Business/Tabled_Documents/7565
7566,2024-10-03,1,0,no,no,0,no recommendation labels in the text,Australian Government Response to Final report—Hospital funding cuts: the perfect storm: The demolition of Federal-State health relations 2014-2016,https://www.aph.gov.au/Parliamentary_Business/Tabled_Documents/7566
7567,2024-10-03,1,0,no,no,0,no recommendation labels in the text,Australian Government Response to Obesity Epidemic in Australia – Final Report,https://www.aph.gov.au/Parliamentary_Business/Tabled_Documents/7567
7568,2024-10-03,1,0,no,no,0,no recommendation labels in the text,Australian Government Response to Effect of red tape on pharmacy rules—Fourth interim report,https://www.aph.gov.au/Parliamentary_Business/Tabled_Documents/7568
7569,2024-10-03,1,0,no,no,0,no recommendation labels in the text,Australian Government Response to Effect of red tape on tobacco retail - Second interim report,https://www.aph.gov.au/Parliamentary_Business/Tabled_Documents/7569
7570,2024-10-03,1,0,no,no,0,no recommendation labels in the text,Australian Government Response to Tobacco Harm Reduction - Report,https://www.aph.gov.au/Parliamentary_Business/Tabled_Documents/7570
7571,2024-10-03,1,0,no,no,0,no recommendation labels in the text,Australian Government Response to Australia’s domestic response to the World Health Organization’s Commission on Social Determinants of Health report ‘Closing the gap within a generation’,https://www.aph.gov.au/Parliamentary_Business/Tabled_Documents/7571
7572,2024-10-03,1,0,no,no,0,no recommendation labels in the text,Australian Government Response to Out-of-pocket costs in Australian Healthcare,https://www.aph.gov.au/Parliamentary_Business/Tabled_Documents/7572
7573,2024-10-03,1,0,no,no,0,no recommendation labels in the text,Australian Government Response to The factors affecting the supply of health services and medical professionals in rural areas,https://www.aph.gov.au/Parliamentary_Business/Tabled_Documents/7573
7590,2024-10-03,1,0,no,no,0,no recommendation labels in the text,Australian Government Response to Implementation of the National Health Reform Agreement,https://www.aph.gov.au/Parliamentary_Business/Tabled_Documents/7590
7591,2024-10-03,1,0,no,no,0,no recommendation labels in the text,Australian Government Response to Fourth interim report—Mental health: A consensus for action,https://www.aph.gov.au/Parliamentary_Business/Tabled_Documents/7591
7592,2024-10-03,1,0,no,no,0,no recommendation labels in the text,Australian Government Response to Sixth Interim Report—Big health data: Australia's big potential,https://www.aph.gov.au/Parliamentary_Business/Tabled_Documents/7592
7674,2024-10-10,1,0,no,no,0,no recommendation labels in the text,Australian Government Response to the Mental Health and Suicide Prevention - Final Report,https://www.aph.gov.au/Parliamentary_Business/Tabled_Documents/7674
7675,2024-10-10,1,0,no,no,0,no recommendation labels in the text,Australian Government Response to Inquiry into childhood rheumatic diseases: Interim Report,https://www.aph.gov.au/Parliamentary_Business/Tabled_Documents/7675
8251,2024-11-14,1,0,no,no,0,no recommendation labels in the text,"Australian Government response to the Senate Community Affairs References Committee report: Provision of general practitioner and related primary health services to outer metropolitan, rural and regional Australians - Interim Report",https://www.aph.gov.au/Parliamentary_Business/Tabled_Documents/8251
8252,2024-11-14,1,0,no,no,0,no recommendation labels in the text,Australian Government response to the Senate Select Committee report: COVID-19: First Interim Report,https://www.aph.gov.au/Parliamentary_Business/Tabled_Documents/8252
8253,2024-11-14,1,0,no,no,0,no recommendation labels in the text,Australian Government response to the Senate Select Committee report: COVID-19: Final Report,https://www.aph.gov.au/Parliamentary_Business/Tabled_Documents/8253
9041,2025-01-23,4,4,yes,yes,4,,Government response to the Parliamentary Joint Committee on Corporations and Financial Services report: 2019-2020 annual reports of bodies established under the ASIC Act,https://www.aph.gov.au/Parliamentary_Business/Tabled_Documents/9041
13782,2025-12-04,2,2,yes,yes,2,,Government Response - Inquiry into the Bankruptcy Amendment (Enterprise Incentives) Bill 2017,https://www.aph.gov.au/Parliamentary_Business/Tabled_Documents/13782
13947,2025-11-25,34,34,yes,yes,34,,Australian Government response to the Parliamentary Joint Committee on Intelligence and Security: Advisory Report on the Surveillance Legislation Amendment (Identify and Disrupt) Bill 2020,https://www.aph.gov.au/Parliamentary_Business/Tabled_Documents/13947
13993,2025-11-26,29,29,yes,yes,29,,Australian Government response to the Parliamentary Joint Committee on Intelligence and Security report: Review of the amendments made by the Telecommunications and Other Legislation Amendment (Assistance and Access) Act 2018,https://www.aph.gov.au/Parliamentary_Business/Tabled_Documents/13993
14164,2026-02-03,15,15,yes,yes,15,,Australian Government response to the Parliamentary Joint Committee on Law Enforcement report: Impact of New and Emerging Information and Communication Technology,https://www.aph.gov.au/Parliamentary_Business/Tabled_Documents/14164
14956,2026-03-04,8,8,yes,yes,8,,"Australian Government response to the Parliamentary Joint Committee on Law Enforcement report: COVID-19, Criminal Activity and Law Enforcement",https://www.aph.gov.au/Parliamentary_Business/Tabled_Documents/14956
14957,2026-03-04,14,14,yes,yes,14,,Australian Government response to the Parliamentary Joint Committee on Law Enforcement report: Inquiry into Financial Related Crime,https://www.aph.gov.au/Parliamentary_Business/Tabled_Documents/14957
14958,2026-03-04,23,15,yes,no,0,23 notes sentences against 15 labels,Australian Government response to the Parliamentary Joint Committee on Law Enforcement: Inquiry into Crystal Methamphetamine (ice)- First and Final Report,https://www.aph.gov.au/Parliamentary_Business/Tabled_Documents/14958
14959,2026-03-04,1,1,yes,no,0,"a single label, which a table layout can fake",Australian Government response to the Parliamentary Joint Committee on Law Enforcement: Examination of the Australian Federal Police Annual Report 2015-16,https://www.aph.gov.au/Parliamentary_Business/Tabled_Documents/14959
15314,2026-03-04,1,1,yes,no,0,"a single label, which a table layout can fake",Australian Government response to the Senate Economics References Committee: Personal Choice and Community Impacts – Interim Report: Sale and Use of Marijuana and Associated Products (term of refence c),https://www.aph.gov.au/Parliamentary_Business/Tabled_Documents/15314
15418,2026-03-10,3,3,yes,yes,3,,Australian Government response to the House of Representatives Standing Committee on the Environment and Energy report: Not without your approval: a way forward for nuclear technology in Australia,https://www.aph.gov.au/Parliamentary_Business/Tabled_Documents/15418
15481,2026-03-12,8,6,yes,no,0,8 notes sentences against 6 labels,Australian Government response to the Senate Legal and Constitutional Affairs References Committee report: Comprehensive revision of the Telecommunications (Interception and Access ) Act 1979,https://www.aph.gov.au/Parliamentary_Business/Tabled_Documents/15481
15533,2026-03-19,0,0,no,no,0,no recommendation labels in the text,Government response to the Integrity of overseas Commonwealth law enforcement operations,https://www.aph.gov.au/Parliamentary_Business/Tabled_Documents/15533
15534,2026-03-19,0,0,no,no,0,no recommendation labels in the text,Government response to the Inquiry into the jurisdiction of the Australian Commission for Law Enforcement Integrity,https://www.aph.gov.au/Parliamentary_Business/Tabled_Documents/15534
15535,2026-03-19,0,0,no,no,0,no recommendation labels in the text,Government response to the Advisory Report on the Intelligence Oversight and Other Legislation Amendment (Integrity Measures) Bill 2020,https://www.aph.gov.au/Parliamentary_Business/Tabled_Documents/15535
15536,2026-03-19,0,0,no,no,0,no recommendation labels in the text,Government response to the Freedom of the Press,https://www.aph.gov.au/Parliamentary_Business/Tabled_Documents/15536
15537,2026-03-19,0,0,no,no,0,no recommendation labels in the text,Government response to the Senate Select Committee on the Establishment of a National Integrity Commission’s Interim Report,https://www.aph.gov.au/Parliamentary_Business/Tabled_Documents/15537
15538,2026-03-19,0,0,no,no,0,no recommendation labels in the text,Government response to the National Commissioner for Defence and Veteran Suicide Prevention Bill 2020 [provisions] and the National Commissioner for Defence and Veteran Suicide Prevention (Consequential Amendments) Bill 2020 [provisions],https://www.aph.gov.au/Parliamentary_Business/Tabled_Documents/15538
15539,2026-03-19,0,0,no,no,0,no recommendation labels in the text,Government response to the Family Law Amendment (Financial Agreements and Other Measures) Bill 2015,https://www.aph.gov.au/Parliamentary_Business/Tabled_Documents/15539
15547,2026-03-19,0,0,no,no,0,no recommendation labels in the text,Government response to the Family Law Amendment (Parenting Management Hearings) Bill 2017,https://www.aph.gov.au/Parliamentary_Business/Tabled_Documents/15547
15548,2026-03-19,0,0,no,no,0,no recommendation labels in the text,Government response to the Judiciary Amendment (Commonwealth Model Litigant Obligations) Bill 2017,https://www.aph.gov.au/Parliamentary_Business/Tabled_Documents/15548
15549,2026-03-19,0,0,no,no,0,no recommendation labels in the text,Government response to the Family Law Amendment (Federal Family Violence Orders) Bill 2021 [Provisions],https://www.aph.gov.au/Parliamentary_Business/Tabled_Documents/15549
15550,2026-03-19,0,0,no,no,0,no recommendation labels in the text,Government response to The performance and integrity of Australia's administrative review system,https://www.aph.gov.au/Parliamentary_Business/Tabled_Documents/15550
15551,2026-03-19,0,0,no,no,0,no recommendation labels in the text,Government response to the National Integrity Commission’s Report,https://www.aph.gov.au/Parliamentary_Business/Tabled_Documents/15551
15552,2026-03-19,0,0,no,no,0,no recommendation labels in the text,Government response to the Criminal Code Amendment (Animal Protection) Bill 2015,https://www.aph.gov.au/Parliamentary_Business/Tabled_Documents/15552
15553,2026-03-19,0,0,no,no,0,no recommendation labels in the text,Government response to the Examination of the Annual Report of the Integrity Commissioner 2020-21,https://www.aph.gov.au/Parliamentary_Business/Tabled_Documents/15553
15562,2026-03-19,0,0,no,no,0,no recommendation labels in the text,Government Response to the National Integrity (Parliamentary Standards) Bill 2019,https://www.aph.gov.au/Parliamentary_Business/Tabled_Documents/15562
15563,2026-03-19,0,0,no,no,0,no recommendation labels in the text,"Joint Standing Committee on Foreign Affairs, Defence and Trade’s Second Interim Report: freedom of religion and belief, the Australian experience",https://www.aph.gov.au/Parliamentary_Business/Tabled_Documents/15563
15564,2026-03-19,0,0,no,no,0,no recommendation labels in the text,Rights’ Inquiry report: Religious Discrimination Bill 2021 and related bills,https://www.aph.gov.au/Parliamentary_Business/Tabled_Documents/15564
15565,2026-03-19,0,0,no,no,0,no recommendation labels in the text,Government response to Sex Discrimination Amendment (Removing Discrimination Against Students) Bill 2018,https://www.aph.gov.au/Parliamentary_Business/Tabled_Documents/15565
15566,2026-03-19,0,0,no,no,0,no recommendation labels in the text,"Government response to Religious Discrimination Bill 2021 [Provisions], Religious Discrimination (Consequential Amendments) Bill 2021 [Provisions] and Human Rights Legislation Amendment Bill 2021 [Provisions]",https://www.aph.gov.au/Parliamentary_Business/Tabled_Documents/15566
15567,2026-03-19,0,0,no,no,0,no recommendation labels in the text,Government response to the Social Media (Anti-Trolling) Bill 2022 [Provisions],https://www.aph.gov.au/Parliamentary_Business/Tabled_Documents/15567
15568,2026-03-19,0,0,no,no,0,no recommendation labels in the text,Government response to Nature and scope of any agreement reached by the Commonwealth and Western Australia,https://www.aph.gov.au/Parliamentary_Business/Tabled_Documents/15568
15569,2026-03-19,0,0,no,no,0,no recommendation labels in the text,"Government response to Legislative exemptions that allow faith-based educational institutions to discriminate against students, teachers and staff",https://www.aph.gov.au/Parliamentary_Business/Tabled_Documents/15569
15894,2026-04-01,3,0,no,no,0,no recommendation labels in the text,"Australian Government response to the Legal and Constitutional Affairs References Committee report on Allegations concerning the inappropriate exercise of ministerial powers, with respect to the visa status of au pairs, and related matters",https://www.aph.gov.au/Parliamentary_Business/Tabled_Documents/15894
15895,2026-04-01,18,0,no,no,0,no recommendation labels in the text,Australian Government response to the report of the Senate Select Committee for an Inquiry into A Certain Maritime Incident,https://www.aph.gov.au/Parliamentary_Business/Tabled_Documents/15895
15896,2026-04-01,15,0,no,no,0,no recommendation labels in the text,"Australian Government response to the Senate Foreign Affairs, Defence and Trade Ref-erences Committee Report on the implications for climate change for Australia’s national security",https://www.aph.gov.au/Parliamentary_Business/Tabled_Documents/15896
15897,2026-04-01,18,0,no,no,0,no recommendation labels in the text,"Australian Government response to the Senate Foreign Affairs, Defence and Trade References Committee Report on the United Nations Sustainable Development Goals (SDGs)",https://www.aph.gov.au/Parliamentary_Business/Tabled_Documents/15897
15900,2026-04-01,0,0,no,no,0,no recommendation labels in the text,Australian Government response to the Parliamentary Joint Committee on Human Rights’ eleventh report of 2013 on the Stronger Futures in the Northern Territory Act 2012 and related legislation,https://www.aph.gov.au/Parliamentary_Business/Tabled_Documents/15900
15905,2026-04-01,1,0,no,no,0,no recommendation labels in the text,Australian Government response to the Senate Legal and Constitutional Affairs Legislation Committee report on the Immigration (Education) Amendment (Expanding Access to English Tuition) Bill 2020 [Provisions],https://www.aph.gov.au/Parliamentary_Business/Tabled_Documents/15905
15908,2026-04-01,1,0,no,no,0,no recommendation labels in the text,Australian Government response to the Senate Legal and Constitutional Affairs Administration Legislation Committee report on the Freedom of Speech Legislation Amendment (Censorship) Bill 2018 and related bills,https://www.aph.gov.au/Parliamentary_Business/Tabled_Documents/15908
15909,2026-04-01,1,0,no,no,0,no recommendation labels in the text,Australian Government response to the Parliamentary Joint Committee on Human Rights 2016 review of Stronger Futures Measures report,https://www.aph.gov.au/Parliamentary_Business/Tabled_Documents/15909
16030,2026-04-23,1,1,yes,no,0,"a single label, which a table layout can fake",Australian Government response to the Parliamentary Standing Committee on Public Works report: Inquiry into the Home Affairs 101 George Street Parramatta Fit-Out Report 5/2021,https://www.aph.gov.au/Parliamentary_Business/Tabled_Documents/16030
16067,2026-04-30,0,0,no,no,0,no recommendation labels in the text,Government response to the report on the Indefinite detention of people with cognitive and psychiatric impairment in Australia,https://www.aph.gov.au/Parliamentary_Business/Tabled_Documents/16067
16068,2026-04-30,0,0,no,no,0,no recommendation labels in the text,Government response to the former Joint Select Committee on Constitutional Recognition of Aboriginal and Torres Strait Islander Peoples’ Progress Report and Final Report,https://www.aph.gov.au/Parliamentary_Business/Tabled_Documents/16068
16245,2026-05-12,1,1,no,no,0,labels do not run without gaps,Australian Government response to the Parliamentary Standing Committee on Public Works report: Report 6/2021,https://www.aph.gov.au/Parliamentary_Business/Tabled_Documents/16245
16382,2026-05-14,1,23,no,no,0,labels do not run without gaps,"Australian Government response to the Parliamentary Joint Standing Committee on Foreign Affairs, Defence and Trade first report on the Inquiry into Australia's aid program in the Indo-Pacific",https://www.aph.gov.au/Parliamentary_Business/Tabled_Documents/16382
16383,2026-05-14,1,8,yes,no,0,1 notes sentences against 8 labels,"Australian Government response to the Senate References Committee on Foreign Affairs, Defence and Trade interim and final reports: Australia’s engagement in Afghanistan",https://www.aph.gov.au/Parliamentary_Business/Tabled_Documents/16383
16480,2026-05-21,0,0,no,no,0,no recommendation labels in the text,Government response to the Parliamentary Joint Committee on Law Enforcement’s report on An Australian standard for the training and use of privately contracted security and detection dogs,https://www.aph.gov.au/Parliamentary_Business/Tabled_Documents/16480
16500,2026-05-21,1,1,yes,no,0,"a single label, which a table layout can fake",Australian Government Response to the report of the Parliamentary Joint Committee on Law Enforcement Inquiry on Criminal Code Amendment (sharing of abhorrent violent material) Act 2019,https://www.aph.gov.au/Parliamentary_Business/Tabled_Documents/16500
16501,2026-05-21,9,9,yes,yes,9,,Government Response to the Senate Select Committee on Administration of Sports Grants,https://www.aph.gov.au/Parliamentary_Business/Tabled_Documents/16501
16549,2026-06-22,1,1,no,no,0,labels do not run without gaps,Australian Government response to the Joint Committee of Public Accounts and Audit report Report 477: Commonwealth Financial Statements - Second Report,https://www.aph.gov.au/Parliamentary_Business/Tabled_Documents/16549
16922,2026-06-23,0,0,no,no,0,no recommendation labels in the text,"Australian Government response to the Joint Standing Committee on Foreign Affairs Defence and Trade report: Inquiry into the implications of the COVID-19 pandemic for Australia’s foreign affairs, defence and trade",https://www.aph.gov.au/Parliamentary_Business/Tabled_Documents/16922
17018,2026-06-25,0,0,no,no,0,no recommendation labels in the text,Australian Government Response to the Senate Environment and Communications Legislation Committee report into the Treasury Laws Amendment (2021 Measures No. 5) Bill 2021,https://www.aph.gov.au/Parliamentary_Business/Tabled_Documents/17018
17022,2026-06-25,1,1,no,no,0,labels do not run without gaps,"Australian Government Response to the Joint Committee of Public Accounts and Audit Report 486: Regulatory Activities - Inquiry into Auditor-General's Reports 33, 47 and 48 (2019-20) and 5 and 8 (2020-21) - Recommendation 7",https://www.aph.gov.au/Parliamentary_Business/Tabled_Documents/17022
