response_id,response_title,report_id,report_title,link_id
2493,Australian Government response to the Joint Select Committee on the Aboriginal and Torres Strait Islander Voice Referendum report: Advisory Report on the Constitution Alteration (Aboriginal and Torres Strait Islander Voice) 2023 [May 2023],2086,Advisory Report on the Constitution Alteration (Aboriginal and Torres Strait Islander Voice) 2023 [May 2023],23
2495,Australian Government response to the Joint Standing Committee on Electoral Matters report: Advisory report on the Referendum (Machinery Provisions) Amendment Bill 2022 [May 2023],1325,Advisory report on the Referendum (Machinery Provisions) Amendment Bill 2022,24
2845,Australian Government response to the Senate Standing Committee on Community Affairs Legislation: Social Security (Administration) Amendment (Repeal of Cashless Debit Card and Other Measures) Bill 2022 [July 2023],195,Social Security (Administration) Amendment (Repeal of Cashless Debit Card and Other Measures) Bill 2022,26
2911,Australian Government response to the Parliamentary Joint Committee on Intelligence and Security report: Review of the Inspector-General of Intelligence and Security and Other Legislation Amendment (Modernisation) Bill 2022 [July 2023],1506,Advisory Report on the Inspector-General of Intelligence and Security and Other Legislation Amendment (Modernisation) Bill 2022,30
3006,National Security Legislation Amendment (Comprehensive Review and Other Measures No. 2) Bill 2023—Government response,2100,National Security Legislation Amendment (Comprehensive Review and Other Measures No. 2) Bill 2023,38
3049,"Australian Government response to the Joint Standing Committee on Foreign Affairs, Defence and Trade Inquiry into international armed conflict decision making [August 2023]",1700,Inquiry into international armed conflict decision making [March 2023],39
3635,Australian Government Response to the Senate Standing Committees on Education and Employment report: National Vocational Education and Training Regulator (Data Streamlining) Amendment Bill 2023 [Provisions] [October 2023],1711,National Vocational Education and Training Regulator (Data Streamlining) Amendment Bill 2023 [Provisions] [April 2023],53
3968,Australian Government Response to the Parliamentary Joint Committee on Intelligence and Security Report: Review of Administration and Expenditure: No. 20 (2020-2021) – Australian Intelligence Agencies,2983,Review of administration and expenditure no. 20 (2020-2021): Australian intelligence agencies [June 2023],56
4250,"Australian Government response to the Joint Standing Committee on Foreign Affairs, Defence and Trade report: The Defence Industry Security Program Review of Auditor-General Report 4 of 2021-22",2566,The Defence Industry Security Program: Review of Auditor-General Report 4 of 2021-22 [June 2023],79
4372,Australian Government response to the Parliamentary Joint Committee on Intelligence and Security report: Review of the Counter-Terrorism (Temporary Exclusion Orders) Act 2019 [November 2023],2064,Review of the Counter-Terrorism (Temporary Exclusion Orders) Act 2019 [April 2023],83
5110,Australian Government Response to the Senate Economics Legislation Committee Report Housing Australia Future Fund Bill 2023 [Provisions] and related bills [January 2024],1567,Housing Australia Future Fund Bill 2023 [Provisions] and related bills [March 2023],99
5150,Australian Government response to the Senate Legal and Constitutional Affairs Legislation Committee report: Family Law Amendment (Information Sharing) Bill 2023 [Provisions] [October 2023],2489,Family Law Amendment (Information Sharing) Bill 2023 [Provisions] [June 2023],101
5151,Australian Government Response to the Senate Standing Committee on Education and Employment report: Fair Work Amendment (Paid Family and Domestic Violence Leave) Bill 2022 [Provisions] [February 2024],210,Fair Work Amendment (Paid Family and Domestic Violence Leave) Bill 2022 [Provisions],105
5198,Australian Government response to the Environment and Communications References Committee report: Impacts and management of feral horses in the Australian Alps,3668,Impacts and management of feral horses in the Australian Alps [October 2023],106
5297,Australian Government response to the Senate Legal and Constitutional Affairs Legislation Committee report: Family Law Amendment Bill 2023 [Provisions] [March 2024],3105,Family Law Amendment Bill 2023 [Provisions] [August 2023],109
5418,Australian Government Response to the Joint Standing Committee on the National Disability Insurance Scheme Final Report Inquiry into the Capability and Culture of the National Disability Insurance Agency (NDIA) [March 2024],4194,Capability and Culture of the NDIA [November 2023],113
5418,Australian Government Response to the Joint Standing Committee on the National Disability Insurance Scheme Final Report Inquiry into the Capability and Culture of the National Disability Insurance Agency (NDIA) [March 2024],13676,"NDIS participant experience in rural, regional and remote Australia [November 2025]",254
5743,Australian Government response to the Senate Community Affairs References Committee report: Review of legislative instruments made under Part 3AA or Part 3B of the Social Security (Administration) Act 1999 – Review 1 [May 2024],5020,Review of legislative instruments made under Part 3AA or Part 3B of the Social Security (Administration) Act 1999 – Review 1,118
5932,"Australian Government Response to the Senate Foreign Affairs, Defence and Trade Legislation Committee Report on the Defence Legislation Amendment (Naval Nuclear Propulsion) Bill 2023",2401,Defence Legislation Amendment (Naval Nuclear Propulsion) Bill 2023 [Provisions] [June 2023],137
6208,Australian Government response to the Joint Standing Committee on Treaties report: Australia-India Economic Cooperation and Trade Agreement [May 2024],838,Report 202: Australia-India Economic Cooperation and Trade Agreement,139
6457,Australian Government response to the  Joint Committee of Public Accounts and Audit interim report: Inquiry into the Defence Major Projects Report 2020–21 and 2021–22 and the Procurement of Hunter Class Frigates [June 2024],2630,Report 496: Inquiry into the Defence Major Projects Report 2020-21 and 2021-22 and Procurement of Hunter Class Frigates; Interim Report on the 2020-21 and 2021-22 Defence Major Projects Report [June 2023],138
6540,Australian Government response to the Senate Select Committee on Work and Care Reports: Final Report (9 March 2023) Interim Report (18 October 2022) [June 2024],1360,Select Committee on Work and Care - Final report [March 2023],140
6540,Australian Government response to the Senate Select Committee on Work and Care Reports: Final Report (9 March 2023) Interim Report (18 October 2022) [June 2024],434,Select Committee on Work and Care interim report - October 2022,141
6558,"Australian Government response to the Parliamentary Joint Committee on Intelligence and Security report: Review into the operation, effectiveness and implications of the Foreign Influence Transparency Scheme Act 2018 [June 2024]",5543,Review of the Foreign Influence Transparency Scheme Act 2018 [March 2024],131
6756,Australian Government response to the Education and Employment Legislation Committee report: Fair Work Amendment Bill 2024,5340,Fair Work Amendment Bill 2024,136
6874,Australian Government Response to the Disability Royal Commission,3444,"Executive Summary, Our vision for an inclusive Australia and Recommendations [Final report]",142
7037,Order of 14 August 2024 (567) relating to the shutdown of 3G mobile network government response,6892,Shutdown of the 3G mobile network: Interim report,144
7186,Australian Government response to the Parliamentary Joint Committee on Intelligence and Security Advisory Report the Review of the amendments made by the Australian Citizenship Amendment (Citizenship Repudiation) Bill 2023,5460,Advisory report on the amendments made by the Australian Citizenship Amendment (Citizenship Repudiation) Bill 2023 Also reporting on review of Subdivision C of Division 3 of Part 2 of the Australian Citizenship Act 2007 (citizenship cessation determinations) [March 2024],148
7223,Australian Government Response to the Senate Legal and Constitutional Affairs References Committee’s report on COVID-19 Royal Commission,5660,COVID-19 Royal Commission [April 2024],149
7279,"Australian Government response to the Foreign Affairs, Defence and Trade References Committee Report: Efficacy of the Department of Foreign Affairs and Trade due diligence framework",4495,Efficacy of the Department of Foreign Affairs and Trade due diligence framework [December 2023],152
7280,Australian Government response to the Senate Legal and Constitutional Affairs Legislation Committee report - Attorney-General’s Portfolio Miscellaneous Measures Bill 2023 [Provisions],4796,Attorney-General’s Portfolio Miscellaneous Measures Bill 2023 [Provisions] [February 2024],153
7304,Inquiry into Australian Naval Nuclear Power Safety Bill 2023 [Provisions] and Australian Naval Nuclear Power Safety (Transitional Provisions) Bill 2023 [Provisions],5880,Australian Naval Nuclear Power Safety Bill 2023 [Provisions] and Australian Naval Nuclear Power Safety (Transitional Provisions) Bill 2023 [Provisions],155
7305,Government response to JCPAA report 495 - Department of Finance Recommendations - Sep 2024,2629,Report 495: Inquiry into Commonwealth grants administration [June 2023],154
7440,Australian Government response to the Senate Select Committee on the Perth Mint and Commonwealth regulatory compliance report - The Perth Mint - Final report,6448,The Perth Mint: Final report,162
7480,Australian Government Response to report - Criminal Code Amendment (Deepfake Sexual Material) Bill 2024 [Provisions],6931,Criminal Code Amendment (Deepfake Sexual Material) Bill 2024 [Provisions],163
7593,Australian Government response to the Senate Environment and Communications References Committee Interim Report: Australia’s extinction crisis,6167,Australia’s extinction crisis [Interim report - May 2024],168
7620,Government Response to the PJCIS Report on the Review of Administration and Expenditure No. 21 (2021-22),6539,Review of administration and expenditure No. 21 (2021-2022): Australian intelligence agencies,169
7646,Australian Government Response to the Parliamentary Joint Committee on Intelligence and Security’s Advisory report on the Crimes and Other Legislation Amendment (Omnibus No. 1) Bill 2024,6976,Advisory report on the Crimes and Other Legislation Amendment (Omnibus No. 1) Bill 2024,171
7667,Australian Government Response to Parliamentary Joint Committee on Intelligence and Security’s Advisory Report on the Counter-Terrorism Legislation Amendment (Declared Areas) Bill 2024,6975,Advisory Report on the Counter-Terrorism Legislation Amendment (Declared Areas) Bill 2024,172
7758,Australian Government response to the Senate Rural and Regional Affairs and Transport References Committee report: Red imported fire ants in Australia: Don't Let This Come Back to Bite Us,5658,Red imported fire ants in Australia,174
8011,Australian Government response to the Senate Community Affairs References Committee’s report: Concussions and repeated head trauma in contact sports,3281,Concussions and repeated head trauma in contact sports [September 2023],175
8195,Australian Government response to the Senate Environment and Communications References Committee report: Glencore’s proposed carbon capture and storage project,6783,Glencore’s proposed carbon capture and storage project,177
8204,"Australian Government Response to the Senate Standing Foreign Affairs, Defence and Trade Legislation Committee Inquiry Report into the Veterans' Entitlements, Treatment and Support (Simplification and Harmonisation) Bill 2024",7601,"Veterans' Entitlements, Treatment and Support (Simplification and Harmonisation) Bill 2024 [Provisions]",178
8243,Australian Government response to the Environment and Communications References Committee report: Australian Antarctic Division funding,5854,Australian Antarctic Division funding,181
8244,Government Response to Treasury Laws Amendment (Delivering Better Financial Outcomes and Other Measures) Bill 2024 Inquiry Report,6440,Treasury Laws Amendment (Delivering Better Financial Outcomes and Other Measures) Bill 2024 [Provisions],180
8346,Australian Government Response to the Senate Legal and Constitutional Affairs Legislation Committee Report: National Emergency (2022 New South Wales Floods) Declaration 2022,1088,National Emergency (2022 New South Wales Floods) Declaration 2022,193
8347,Response to the Senate Finance and Public Administration Legislation Committee Report on the Net Zero Economy Authority Bill 2024 [Provisions] and the Net Zero Economy Authority (Transitional Provisions) Bill 2024 [Provisions],5879,Net Zero Economy Authority Bill 2024 [Provisions] and the Net Zero Economy Authority (Transitional Provisions) Bill 2024 [Provisions],194
8412,Australian Government response to the Senate Legal and Constitutional Affairs References Committee report: Missing and murdered First Nations women and children,7020,Missing and murdered First Nations women and children,185
8606,Australian Government response to the Senate Environment and Communications Legislation Committee report: Climate Change Amendment (Duty of Care and Intergenerational Climate Equity) Bill 2023,6535,Climate Change Amendment (Duty of Care and Intergenerational Climate Equity) Bill 2023,186
8727,AUSTRALIAN GOVERNMENT RESPONSE TO THE SENATE COMMUNITY AFFAIRS REFERENCES COMMITTEE REPORT: ASSESSMENT AND SUPPORT SERVICES FOR PEOPLE WITH ATTENTION DEFICIT HYPERACTIVITY DISORDER (ADHD),4100,Assessment and support services for people with ADHD [November 2023],195
8738,"Government response to the Senate Foreign Affairs, Defence and Trade Legislation Committee's inquiry into the Migration Amendment (Overseas Organ Transplant Disclosure and other Measures) Bill 2023",5936,Migration Amendment (Overseas Organ Transplant Disclosure and Other Measures) Bill 2023,188
8768,"Australian Government response to the Senate Legal and Constitutional Affairs Legislation Committee report: Migration Amendment (Australia’s Engagement in the Pacific and Other Measures) Bill 2023, and the Migration (Visa Pre-application Process) Charge Bill 2023",2458,"Migration Amendment (Australia’s Engagement in the Pacific and Other Measures) Bill 2023, and the Migration (Visa Pre-application Process) Charge Bill 2023 [June 2023]",191
8769,Australian Government response to the Senate Select Committee on Disaster Resilience reports: Boots on the Ground: Raising Resilience; and Interim Report,3421,Australia’s Disaster Resilience interim report [September 2023],196
8769,Australian Government response to the Senate Select Committee on Disaster Resilience reports: Boots on the Ground: Raising Resilience; and Interim Report,6934,Boots on the ground: Raising resilience,197
8770,Australian Government Response to the Parliamentary Joint Committee on Intelligence and Security Advisory Report on the Review of the Cyber Security Legislation Package 2024,8340,Advisory Report on the Cyber Security Legislative Package 2024,189
8790,Australian Government response to the Senate Economics Legislation  Committee's Inquiry Report on Treasury Laws Amendment (Consumer Data Right) Bill 2022 [Provisions],1730,Treasury Laws Amendment (Consumer Data Right) Bill 2022 [Provisions] [May 2023],198
9046,Australian Government response to the Senate Legal and Constitutional Affairs Legislation Committee report: Migration Amendment (Strengthening Employer Compliance) Bill 2023,3172,Migration Amendment (Strengthening Employer Compliance) Bill 2023 [Provisions] [August 2023],211
9080,Australian Government response to the Senate Environment and Communications References Committee's report: Optus Network Outage,7530,Optus Network Outage,210
9111,Australian Government Response to the Senate Legal and Constitutional Affairs Legislation Committee’s report into Family Law Amendment Bill 2024,8123,Family Law Amendment Bill 2024,213
9112,Australian Government Response to the Senate Legal and Constitutional Affairs Legislation Committee’s report into Anti-Money Laundering and Counter-Terrorism Financing Amendment Bill 2024 [Provisions],8282,Anti-Money Laundering and Counter-Terrorism Financing Amendment Bill 2024 [Provisions],212
9186,Government Response to the Defence Industry Security Program—Inquiry into the Auditor General’s Report No. 4 2021-22,2566,The Defence Industry Security Program: Review of Auditor-General Report 4 of 2021-22 [June 2023],215
9325,Australian Government response to the Senate Community Affairs References Committee report: Issues related to menopause and perimenopause,7433,Issues related to menopause and perimenopause,217
9326,"Ending the postcode lottery – Addressing barriers to sexual, maternity and reproductive healthcare in Australia",2152,"Ending the postcode lottery: Addressing barriers to sexual, maternity and reproductive healthcare in Australia [May 2023]",216
9466,"Australian Government response to the Foreign Affairs, Defence and Trade References Committee report: Inquiry into Australian support for Ukraine",7402,Australian support for Ukraine,219
9489,Australian Government response to the Senate Standing Committees on Environment and Communications Legislation Committee report: Interactive Gambling Amendment (Credit and Other Measures) Bill 2023 [Provisions],3658,Interactive Gambling Amendment (Credit and Other Measures) Bill 2023 [Provisions] [October 2023],230
9759,Government Response to the Inquiry into the Defence Annual Report 2022-23,8457,Defence annual report 2022-23,229
10118,Australian Government response to the Senate Education and Employment Legislation Committee report: Wage Justice for Early Childhood Education and Care Workers (Special Account) Bill 2024 [Provisions],8093,Wage Justice for Early Childhood Education and Care Workers (Special Account) Bill 2024 [Provisions],226
10128,Government Response to the JSCFADT Inquiry into the Department of Defence Annual Report 2021–22,11618,"Australian Government response to the  Joint Standing Committee on Foreign Affairs, Defence and Trade report: Inquiry into the Department of Defence Annual Report 2021-22",236
11238,Australian Government response to the Senate Economics References Committee final report: Not-for-profit entities—Tax assessments,8147,Not-for-profit entities—Tax assessments,231
11618,"Australian Government response to the  Joint Standing Committee on Foreign Affairs, Defence and Trade report: Inquiry into the Department of Defence Annual Report 2021-22",3422,Inquiry into the Department of Defence Annual Report 2021–22,232
11618,"Australian Government response to the  Joint Standing Committee on Foreign Affairs, Defence and Trade report: Inquiry into the Department of Defence Annual Report 2021-22",10128,Government Response to the JSCFADT Inquiry into the Department of Defence Annual Report 2021–22,236
11619,Australian Government response to the Senate Legal and Constitutional Affairs Committee report: Commonwealth Workplace Protection Orders Bill 2024 [Provisions],9813,Commonwealth Workplace Protection Orders Bill 2024 [Provisions],274
11620,"Government response to the Joint Standing Committee on Treaties report (Committee Report) on the Agreement Among the Government of Australia, the Government of the United Kingdom of Great Britain and Northern Ireland, and the Government of the United States of America for Cooperation Related to Naval Nuclear Propulsion",8514,"Report 224 Agreement among the Government of Australia, the Government of the United Kingdom of Great Britain and Northern Ireland, and the Government of the United States of America for Cooperation Related to Naval Nuclear Propulsion",303
11765,Australian Government response to the Community Affairs References Committee report: Excess Mortality,7185,Excess Mortality,235
12220,AUSTRALIAN GOVERNMENT RESPONSE TO THE SENATE EDUCATION AND EMPLOYMENT LEGISLATION COMMITTEE REPORT: BETTER AND FAIRER SCHOOLS (FUNDING AND REFORM) BILL 2024 [PROVISIONS],8327,Better and Fairer Schools (Funding and Reform) Bill 2024 [Provisions],237
12298,"Australian Government Response to the Senate Inquiry into Equitable access to diagnosis and treatment for individuals with rare and less common cancers, including neuroendocrine cancer",6058,"Equitable access to diagnosis and treatment for individuals with rare and less common cancers, including neuroendocrine cancer",238
12375,Senate Legal and Constitutional Affairs Legislation Committee report on the Oversight Legislation Amendment (Robodebt Royal Commission Response and Other Measures) Bill 2024,9130,Oversight Legislation Amendment (Robodebt Royal Commission Response and Other Measures) Bill 2024 [Provisions],240
12376,"Australian Government response to the Joint Standing Committee on Foreign Affairs, Defence and Trade report: Supporting democracy in our region",4191,Supporting democracy in our region [November 2023],239
12726,Australian Government Response to the Senate Finance and Public Administration Legislation Committee Inquiry into the Workplace Gender Equality Amendment (Setting Gender Equality Targets) Bill 2024,9135,Workplace Gender Equality Amendment (Setting Gender Equality Targets) Bill 2024,244
12727,"Australian Government Response to the Senate Foreign Affairs, Defence and Trade References Committee report on the Defence honours and awards system",10948,Defence honours and awards system,243
12986,Australian Government response to the Senate Rural and Regional Affairs and Transport References Committee’s report: Shutdown of the 3G mobile network,9585,Shutdown of the 3G mobile network,277
13153,Australian Government Response to the Education and Employment Legislation Committee report: Free TAFE Bill 2024,9618,Free TAFE Bill 2024 [Provisions],246
13187,Australian Government response to the Parliamentary Joint Committee on Intelligence and Security Advisory Report: Transport Security Amendment (Security of Australia’s Transport Sector) Bill 2024,9758,Advisory report on the Transport Security Amendment (Security of Australia's Transport Sector) Bill 2024,247
13234,Australian Government response to the Legal and Constitutional Affairs Legislation Committee Report: Migration Amendment (Strengthening Sponsorship and Nomination Processes) Bill 2024,7211,Migration Amendment (Strengthening Sponsorship and Nomination Processes) Bill 2024 [Provisions],249
13252,Australian Government response to the Rural and Regional Affairs and Transport Legislation Committee report: Customs Legislation Amendment (Commercial Greyhound Export and Import Prohibition) Bill 2021,3850,Customs Legislation Amendment (Commercial Greyhound Export and Import Prohibition) Bill 2021 [October 2023],248
13407,Government Response - JCPAA - Inquiry into Defence Major Projects Report - Report 507: Defence 2022 – 23 major project report,8820,Report 507: Defence 2023-24 major projects report,256
13557,Response to order of 27 October 2025 (178) relating to Rural and Regional Affairs and Transport References Committee - Government response - Impact and mitigation of aircraft noise,8511,Impact and mitigation of aircraft noise,276
13649,Australian Government response to the Senate Community Affairs Reference Committee report titled Access to diagnosis and treatment for people in Australia with tick-borne diseases,10121,Access to diagnosis and treatment for people in Australia with tick-borne diseases,267
13650,Australian Government Response to the Fair Work Amendment (Protecting Penalty and Overtime Rates) Bill 2025,12194,Fair Work Amendment (Protecting Penalty and Overtime Rates) Bill 2025,271
13688,Australian Government Response to the Select Committee on PFAS' Interim Report,9828,Select Committee on PFAS (per and polyfluoroalkyl substances) [Interim report],255
14151,"Australian Government Response to the Senate Inquiry into Australia's preparedness to host the Commonwealth, Olympic and Paralympic Games",3420,"Australia’s preparedness to host Commonwealth, Olympic and Paralympic Games [Interim report - September 2023]",280
14151,"Australian Government Response to the Senate Inquiry into Australia's preparedness to host the Commonwealth, Olympic and Paralympic Games",4484,"Australia’s preparedness to host Commonwealth, Olympic and Paralympic Games [Second interim report - December 2023]",281
14171,"Australian Government Response to the Senate Foreign Affairs, Defence and Trade Legislation Committee Review of Schedule 9 of the Veterans' Entitlements, Treatment and Support (Simplification and Harmonisation) Act 2025",12344,"Review of Schedule 9 of the Veterans’ Entitlements, Treatment and Support (Simplification and Harmonisation) Act 2025",258
14190,Australian Government response to the Select Committee on Commonwealth Bilateral Air Service Agreements report: Commonwealth Bilateral Air Service Agreements,3526,Commonwealth Bilateral Air Service Agreements [October 2023],259
14277,"AUSTRALIAN GOVERNMENT RESPONSE TO THE SENATE STANDING FOREIGN AFFAIRS, DEFENCE AND TRADE LEGISLATION COMMITTEE INQUIRY REPORT INTO ISSUES RELATING TO ADVOCACY SERVICES FOR VETERANS ACCESSING COMPENSATION AND INCOME SUPPORT",13513,Issues relating to advocacy services for veterans accessing compensation and income support,260
14424,Government Response to the Senate Finance and Public Administration References Committee Report on the Supporting the development of sovereign capability in the Australian tech sector,6559,Supporting the development of sovereign capability in the Australian tech sector,272
14687,Australian Government response to the Senate Committee Economics report: Inquiry into Treasury Laws Amendment (Responsible Buy Now Pay Later and Other Measures) Bill 2024,6903,Treasury Laws Amendment (Responsible Buy Now Pay Later and Other Measures) Bill 2024,269
14688,Government response to the Senate Environment and Communications Committee Report on the National Broadband Network Companies Amendment (Commitment to Public  Ownership) Bill 2024 [Provisions],9253,National Broadband Network Companies Amendment (Commitment to Public Ownership) Bill 2024 [Provisions],278
14707,Australian Government response to the Finance and Public Administration References Committee report on management and assurance of integrity by consulting services,6355,Management and assurance of integrity by consulting services [PWC],279
14851,"Australian Government response to the Parliamentary Joint Committee on Corporations and Financial Services report Ethics and Professional Accountability: Structural Challenges in the Audit, Assurance and Consultancy Industry",8230,"Ethics and Professional Accountability: Structural Challenges in the Audit, Assurance and Consultancy Industry",268
14887,Government Response to Illegal Logging Prohibition Amendment (Strengthening Measures to Prevent Illegal Timber Trade) Bill 2024 [Provisions]),6433,Illegal Logging Prohibition Amendment (Strengthening Measures to Prevent Illegal Timber Trade) Bill 2024 [Provisions],275
15044,GOVERNMENT RESPONSE TO THE SENATE ECONOMICS LEGISLATION COMMITTEE REPORT ON THE TREASURY LAWS AMENDMENT (STRENGTHENING FINANCIAL SYSTEMS AND OTHER MEASURES) BILL 2025,13845,Treasury Laws Amendment (Strengthening Financial Systems and Other Measures) Bill 2025,266
15205,Australian Government response to the Joint Standing Committee on Implementation of the National Redress Scheme inquiry into the operation of the National Redress Scheme Report - Redress: Journey to Justice - November 2024,8443,Redress: Journey to Justice [Final report],282
15294,Response to the order of 27 October 2025 (176) relating to Rural and Regional Affairs and Transport References Committee - Government response - Bank closures in regional Australia,6186,Bank closures in regional Australia: Protecting the future of regional banking,296
15482,The pursuit of equality: Inquiry in the rights of women and children – Government response,4358,The pursuit of equality – Inquiry into the human rights of women and children [November 2023],285
15483,Australian Government response to the Legal and Constitutional Affairs Legislation Committee report: Migration Amendment (Removal and other Measures) Bill 2024,5805,Migration Amendment (Removal and Other Measures) Bill 2024,283
15484,Australian Government response to the Senate Committee Economics report: Inquiry into Treasury Laws Amendment (Mergers and Acquisitions Reform) Bill 2024,8305,Treasury Laws Amendment (Mergers and Acquisitions Reform) Bill 2024 [Provisions],284
15527,Government response to Identity Verification Services Bill 2023 and the Identity Verification Services (Consequential Amendments) Bill 2023 [Provisions],4129,Identity Verification Services Bill 2023 and the Identity Verification Services (Consequential Amendments) Bill 2023 [Provisions],287
15554,Government response to Modern Slavery Amendment (Australian Anti-Slavery Commissioner) Bill 2023,5200,Modern Slavery Amendment (Australian Anti-Slavery Commissioner) Bill 2023 [Provisions],288
15555,Government response to Crimes Amendment (Strengthening the Criminal Justice Response to Sexual Violence) Bill 2024,5675,Crimes Amendment (Strengthening the Criminal Justice Response to Sexual Violence) Bill 2024,289
15557,Australian Government Response to the Senate Environment and Communications References Committee Report: Middle Arm Industrial Precinct,7116,Middle Arm Industrial Precinct,290
15586,Government Response to the Inquiry into the Defence Amendment (Defence Honours and Awards Appeals Tribunal) Bill 2025,13921,Defence Amendment (Defence Honours and Awards Appeals Tribunal) Bill 2025,302
15589,Government response to Privacy Legislation Amendment (Enforcement and Other Measures) Bill 2022,841,Privacy Legislation Amendment (Enforcement and Other Measures) Bill 2022 [Provisions],291
15590,Government response to Administrative Review Tribunal and Other Legislation Amendment Bill 2025,13672,Administrative Review Tribunal and Other Legislation Amendment Bill 2025,292
15594,Government response to the National Anti-Corruption Commission Bill 2022,731,Advisory report on the provisions of the National Anti-Corruption Commission Bill 2022 and the National Anti-Corruption Commission (Consequential and Transitional Provisions) Bill 2022,293
15595,Government response to Crimes Legislation Amendment (Combatting Foreign Bribery) Bill 2023 [Provisions],2897,Crimes Legislation Amendment (Combatting Foreign Bribery) Bill 2023 [Provisions] [July 2023],294
15607,Australian Government response to the Parliamentary Joint Committee on Human Rights Inquiry Report into Antisemitism at Australian Universities,9396,Inquiry into antisemitism at Australian universities,295
15640,"Australian Government response to the Parliamentary Joint Committee on Corporations and Financial Services Report: Statutory inquiry into ASIC, the Takeovers Panel, and the corporations legislation: ASIC licence transfers",2835,"Statutory inquiry into ASIC, the Takeovers Panel, and the corporations legislation: ASIC Licence transfers [Interim - July 2023]",298
15671,Government response to the Copyright Legislation Amendment (Fair  Pay for Radio Play) Bill 2023,6434,Copyright Legislation Amendment (Fair Pay for Radio Play) Bill 2023,301
15672,Australian Government response to the Senate Economics References Committee report: Residential Electrification,10183,Residential electrification,299
15673,Australian Government Response to Senate Economics References Committee Report into Micro-competition opportunities in e-conveyancing,13920,Micro-competition opportunities in e-conveyancing,297
15676,Australian Government response to the Senate Legal and Constitution Affairs Legislation Committee Inquiry Report into the Commission of Inquiry into Antisemitism at Australian Universities Bill 2024 (No.2),7558,Commission of Inquiry into Antisemitism at Australian Universities Bill 2024 (No. 2),300
15766,Government Response - Senate Community Affairs Legislation Committee’s report on the Social Services and Other Legislation Amendment (Workforce Incentive) Bill 2022 [Provisions],727,Social Services and Other Legislation Amendment (Workforce Incentive) Bill 2022 [Provisions],305
15767,Government Responses - Senate Community Affairs Legislation Committee’s report on the Paid Parental Leave Amendment (Improvements for Families and Gender Equality) Bill 2022,1158,Paid Parental Leave Amendment (Improvements for Families and Gender Equality) Bill 2022 [Provisions] [February 2023],306
15768,Government Response - Senate Community Affairs Legislation Committee’s report on the Social Security (Administration) Amendment (Income Management Reform) Bill 2023,2327,Social Security (Administration) Amendment (Income Management Reform) Bill 2023 [Provisions] [June 2023],307
15770,Government Responses - Senate Community Affairs Legislation Committee’s report on the Social Services and Other Legislation Amendment (Strengthening the Safety Net) Bill 2023,2848,Social Services and Other Legislation Amendment (Strengthening the Safety Net) Bill 2023 [July 2023],308
15781,Australian Government response to the Senate Education and Employment References Committee for the Inquiry into the potential impacts of the Commonwealth Paid Parental Leave scheme on small businesses and their employees,3170,Potential impacts of the Commonwealth Paid Parental Leave Scheme on small businesses and their employees [August 2023],304
15837,Response to order of 25 March 2026 (455) relating to Environment and Communications References Committee - Government response - Algal blooms in South Australia,13692,Algal blooms in South Australia,309
15838,Australian Government response to the Senate Committee Economics report: Tax Laws Amendment (Incentivising Food Donations to Charitable Organisations) Bill 2024,8303,Tax Laws Amendment (Incentivising Food Donations to Charitable Organisations) Bill 2024,314
15839,Australian Government response to the  Senate Committee Economics report: Future Made in Australia (Production Tax Credits and Other Measures) Bill 2024 [Provisions],9149,Future Made in Australia (Production Tax Credits and Other Measures) Bill 2024 [Provisions],310
15840,"Australian Government Response to the Joint Standing Committee on Foreign Affairs, Defence and Trade report: Quality and Integrity - The quest for sustainable growth: Interim report into International Education",3847,"Australia’s tourism and international sectors, ‘Quality and Integrity – the Quest for Sustainable Growth’: Interim Report into International Education [October 2023]",312
15841,Australian Government response to the Senate Committee Economics report: Superannuation (Objective) Bill 2023,5572,Superannuation (Objective) Bill 2023 [Provisions],313
15842,Government response to the Parliamentary Joint Committee on Intelligence and Security's inquiry into the Royal Commissions Legislation Amendment (Protections for Providing Information) Bill 2026,15507,Advisory Report on the Royal Commissions Legislation Amendment (Protections for Providing Information) Bill 2026,316
15843,Australian Government response to the Senate Legal and Constitutional Affairs References Committee report: Right Wing Extremist Movements in Australia,8605,Right wing extremist movements in Australia,315
15844,"Australian Government Response to the Joint Standing Committee on Foreign Affairs, Defence and Trade Inquiry into Australia’s Tourism and International Education Sectors  ‘Are we there yet?’: From recovery to resilience - opportunities and challenges for Australia’s tourism sector’",7546,‘Are we there yet?’: From recovery to resilience – opportunities and challenges for Australia’s tourism sector,311
15845,Australian Government response to the  Parliamentary Joint Committee on Corporations and Financial Services report: Wholesale investor and wholesale client tests,9425,Wholesale investor and wholesale client tests,317
15846,Australian Government response to the Senate Economics Legislation Committee report: Treasury Laws Amendment (2023 Measures No. 1) Bill 2023 [Provisions],2203,Treasury Laws Amendment (2023 Measures No. 1) Bill 2023 [Provisions] [June 2023],320
15847,Australian Government response to the  Senate Committee Economics report: Digital Assets (Market Regulation) Bill 2023,3237,Digital Assets (Market Regulation) Bill 2023 [September 2023],318
15848,Australian Government response to the Joint Standing Committee on Aboriginal and Torres Strait Islander Affairs Report: Economic Self-Determination and Opportunities for First Nations Australians,8442,Inquiry into economic self-determination and opportunities for First Nations Australians,319
15888,Australian Government Response to the Family Assistance Legislation Amendment (Cheaper Child Care) Bill 2022 [Provisions],734,Family Assistance Legislation Amendment (Cheaper Child Care) Bill 2022 [Provisions],321
15889,Australian Government response to the Senate Community Affairs References Committee report - Inquiry into the extent and nature of poverty in Australia,5199,The extent and nature of poverty in Australia,324
15890,Australian Government response to the Senate Environment and Communications References Committee report: Win-win under our oceans - Climate-related marine invasive species,4080,Win-win under our oceans: Climate-related marine invasive species,322
15891,Australian Government response to the Senate Select Committee on Adopting Artificial Intelligence (AI) report: Final Report and Interim Report,8441,Select Committee on Adopting Artificial Intelligence (AI),326
15892,Australian Government Response to the Education Legislation Amendment (Startup Year and Other Measures) Bill 2023 [Provisions],1726,Education Legislation Amendment (Startup Year and Other Measures) Bill 2023 [Provisions] [April 2023],323
15895,Australian Government response to the report of the Senate Select Committee for an Inquiry into A Certain Maritime Incident,5066,Report on a Certain Maritime Incident,325
15912,Government response to the Public Interest Disclosure Amendment Review Bill 2022,1369,Public Interest Disclosure Amendment (Review) Bill 2022 [Provisions] [March 2023],327
15913,Government response to the Senate Legal and Constitutional Affairs Legislation Committee's report on the Whistleblower Protection Authority Bill 2025,12340,Whistleblower Protection Authority Bill 2025,328
15936,Australian Government response to the Senate Select Committee report on the Tasmanian Freight Equalisation Scheme,8840,Tasmanian Freight Equalisation Scheme,329
15937,Australian Government response to the  Senate Economics Legislation Committee report: Inquiry into the Treasury Laws Amendment (Better Targeted Superannuation Concessions and Other Measures) Bill 2023,5866,Treasury Laws Amendment (Better Targeted Superannuation Concessions and Other Measures) Bill 2023 [Provisions] and Superannuation (Better Targeted Superannuation Concessions) Imposition Bill 2023 [Provisions] [May 2024],330
15993,Australian Government Response to the Joint Select Committee on Northern Australia Inquiry: Northern Australia Workforce Development - first and final reports,8440,Northern Australia Workforce Development,331
15993,Australian Government Response to the Joint Select Committee on Northern Australia Inquiry: Northern Australia Workforce Development - first and final reports,4360,Northern Australia Workforce Development: First Report [November 2023],332
16002,Australian Government response to the Parliamentary Joint Committee on Law Enforcement Report: Australia’s illicit drug problem: Challenges and opportunities for law enforcement,6117,Australia’s illicit drug problem: Challenges and opportunities for law enforcement [May 2024],334
16003,Australian Government response to the Rural and Regional Affairs and Transport Committee report: Australian winegrape purchases code of conduct,9626,Australian winegrape purchases code of conduct,335
16013,Australian Government response to the Rural and Regional Affairs and Transport Legislation Committee report into the National Organic Standard Bill 2024,9334,National Organic Standard Bill 2024,336
16019,AUSTRALIAN GOVERNMENT RESPONSE TO THE PARLIAMENTARY JOINT COMMITTEE ON INTELLIGENCE AND SECURITY REPORT: ADVISORY REPORT ON THE AUSTRALIAN SECURITY INTELLIGENCE ORGANISATION AMENDMENT BILL (NO.2) 2025,14923,Advisory report on the Australian Security Intelligence Organisation Amendment Bill (No. 2) 2025,333
16059,Australian Government response to the Environment and Communications Legislation Committee report: Nature Positive (Environment Protection Australia) Bill 2024 [Provisions] and related bills,7275,Nature Positive (Environment Protection Australia) Bill 2024 [Provisions] and related bills,337
16074,"Senate Standing Committee on Foreign Affairs, Defence and Trade Inquiry into the Defence Trade Controls Amendment Bill 2023",5364,Defence Trade Controls Amendment Bill 2023 [Provisions] [March 2024],342
16075,Parliamentary Joint Committee on Intelligence and Security Inquiry into the Defence Amendment (Safeguarding Australia's Military Secrets) Bill 2023,5338,Defence Amendment (Safeguarding Australia’s Military Secrets) Bill 2023 [February 2024],341
16076,Parliamentary Standing Committee on Public Works 4th report of 2024 - Department of Defence - Facilities to support Advanced Growler Phase 6,6207,Department of Defence — Facilities to Support Advanced Growler Phase 6,340
16077,Parliamentary Standing Committee on Public Works report - Department of Defence - Explosive Ordnance Facilities Northern NSW Redevelopment project and other works,8193,Department of Defence — Explosive Ordnance Facilities Northern NSW Redevelopment project and other works,339
16078,Government Response to the Senate Legal and Constitutional Affairs Legislation Committee on the  Privacy and Other Legislation Amendment Bill 2024 [Provisions],8294,Privacy and Other Legislation Amendment Bill 2024 [Provisions],344
16079,Government response to the Senate Legal and Constitutional Affairs Legislation Committee report on the Administrative Review Tribunal Bill 2023,5881,Administrative Review Tribunal Bill 2023 [Provisions] and related bills,345
16083,Government response to the Senate Legal and Constitutional Affairs Legislation Committee report on the Administrative Review Tribunal (Miscellaneous Measures) Bill 2024,8124,Administrative Review Tribunal (Miscellaneous Measures) Bill 2024,346
16085,Government Response to Parliamentary Standing Committee on Public Works 89th Annual Report,14968,Eighty Ninth Annual Report,350
16106,Australian Government Response to the Report on the Council of Australian Governments Legislation Amendment Bill 2023,5332,COAG Legislation Amendment Bill 2023 [Provisions],338
16143,Australian Government response to the Senate Education and Employment References Committee Interim and Final reports: The issue of increasing disruption in Australian school classrooms,4998,The issue of increasing disruption in Australian school classrooms,349
16153,Internet Search Engine Services Online Safety Code and Under 16 Social Media Ban,14023,Internet Search Engine Services Online Safety Code and under 16 social media ban,352
16155,AUSTRALIAN GOVERNMENT RESPONSE TO THE JOINT STANDING COMMITTEE ON ELECTORAL MATTERS REPORT: FROM CLASSROOM TO COMMUNITY: CIVICS EDUCATION AND POLITICAL PARTICIPATION IN AUSTRALIA,9246,From Classroom to Community: Civics education and political participation in Australia,348
16157,Government response to Parliamentary Standing Committee on Public Works Committee report 6/2024,7088,"Department of Defence — Submarine Rotational Force—West, Priority Works, HMAS Stirling, Western Australia and other works",351
16158,AUSTRALIAN GOVERNMENT RESPONSE TO THE SENATE EDUCATION AND EMPLOYMENT LEGISLATION COMMITTEE REPORTS: UNIVERSITIES ACCORD (STUDENT SUPPORT AND OTHER MEASURES) BILL 2024,7602,Universities Accord (Student Support and Other Measures) Bill 2024 [Provisions],355
16159,AUSTRALIAN GOVERNMENT RESPONSE TO THE SENATE EDUCATION AND EMPLOYMENT LEGISLATION COMMITTEE REPORTS: HIGHER EDUCATION SUPPORT AMENDMENT (RESPONSE TO THE AUSTRALIAN UNIVERSITIES ACCORD INTERIM REPORT) BILL 2023,3638,Higher Education Support Amendment (Response to the Australian Universities Accord Interim Report) Bill 2023 [Provisions] [October 2023],354
16160,AUSTRALIAN GOVERNMENT RESPONSE TO THE SENATE EDUCATION AND EMPLOYMENT LEGISLATION COMMITTEE REPORTS: EDUCATION AND OTHER LEGISLATION AMENDMENT (ABOLISHING INDEXATION AND RAISING THE MINIMUM REPAYMENT INCOME FOR EDUCATION AND TRAINING LOANS) BILL 2022,1713,Education and Other Legislation Amendment (Abolishing Indexation and Raising the Minimum Repayment Income for Education and Training Loans) Bill 2022 [April 2023],353
16178,"Australian Government response to the Finance and Public Administration Legislation Committee Report: Public Governance, Performance and Accountability Amendment (Vaccine Indemnity) Bill 2023",5371,"Public Governance, Performance and Accountability Amendment (Vaccine Indemnity) Bill 2023",347
16205,Australian Government Response to the National Cultural Policy Interim Report,5851,National Cultural Policy: Interim report,356
16240,Australian Government response to the Joint Standing Committee on the National Capital and External Territories report on Australia’s Antarctic Territory,9293,Australia's Antarctic Territory: Inquiry into the Importance of Antarctica to Australia's National Interests,357
16241,Pursuing the Priorities of the Pacific: Inquiry into Australia's alignment with the priorities of Pacific Island countries,8558,Pursuing the Priorities of the Pacific Inquiry into Australia’s alignment with the priorities of Pacific Island countries,360
16278,Australian Government Response to the Senate Education and Employment Legislation Committee Report on the Education Services for Overseas Students (Quality and Integrity) Bill 2024 [Provisions],7664,Education Services for Overseas Students Amendment (Quality and Integrity) Bill 2024 [Provisions],358
16279,Australian Government Response to the Senate Education and Employment Legislation Committee report: Universities Accord (Australian Tertiary Education Commission) Bill 2025 and the Universities Accord (Australian Tertiary Education Commission) (Consequential and Transitional Provisions) Bill 2025,15260,Universities Accord (Australian Tertiary Education Commission) Bill 2025 and the Universities Accord (Australian Tertiary Education Commission) (Consequential and Transitional Provisions) Bill 2025,359
16381,Government Response to the PWC Report National Capital Authority - Commonwealth Avenue Bridge Renewal Project,3758,"Report 7/2023 - National Capital Authority — Commonwealth Avenue Bridge, Canberra, ACT, Renewal Project [September 2023]",361
16384,Australian Government response to the Community Affairs Legislation Committee reports: National Disability Insurance Scheme Amendment (Getting the NDIS Back on Track No. 1) Bill 2024,6435,National Disability Insurance Scheme Amendment (Getting the NDIS Back on Track No. 1) Bill 2024 [Provisions],362
16469,Australian Government response to the Senate Environment and Communications Legislations Committee report: Water Amendment (Restoring Our Rivers) Bill 2023 [Provisions],4142,Water Amendment (Restoring Our Rivers) Bill 2023 [Provisions] [November 2023],367
16470,Australian Government response to the Senate Environment and Communications References Committee report: Climate Risk Assessment,14332,Climate Risk Assessment,365
16507,"Australian Government response to the Joint Standing Committee on the National Disability Insurance Scheme Report: NDIS Participant Experience in Rural, Regional and Remote Australia.",13676,"NDIS participant experience in rural, regional and remote Australia [November 2025]",366
16510,"Australian Government response to Appropriations, Staffing and Security Committee 69th report Drafting services for non-government senators",13288,69th report - Drafting services for non-government senators,368
16516,Australian Government response to the Senate Standing Committees on Environment and Communications report: Offshore wind industry consultation process,10805,Offshore wind industry consultation process,364
16520,"Government response to Senate Legal and Constitutional Affairs Legislation Committee report on the Criminal Code Amendment (Genocide, Crimes Against Humanity and War Crimes) Bill 2024",8280,"Criminal Code Amendment (Genocide, Crimes Against Humanity and War Crimes) Bill 2024",369
16536,Australian Government Response to Communications Legislation Amendment (Prominence and Anti-siphoning) Bill 2023,5624,Communications Legislation Amendment (Prominence and Anti-siphoning) Bill 2023 [Provisions] [April 2024],370
16545,AUSTRALIAN GOVERNMENT RESPONSE TO THE SENATE COMMITTEE ECONOMICS REPORT: INQUIRY INTO SCAMS PREVENTION FRAMEWORK BILL 2024 [PROVISIONS],9179,Scams Prevention Framework Bill 2024 [Provisions],371
16547,Australian Government response to the Senate Environment and Communications Legislation Committee report: Safeguard Mechanism (Crediting) Amendment Bill 2022 [Provisions],1301,Safeguard Mechanism (Crediting) Amendment Bill 2022 [Provisions] [March 2023],373
16571,AUSTRALIAN GOVERNMENT RESPONSE TO THE SENATE ECONOMICS LEGISLATION COMMITTEE REPORT: TREASURY LAWS AMENDMENT (FAIRER FOR FAMILIES AND FARMERS AND OTHER MEASURES) BILL 2024 [PROVISIONS],9146,Treasury Laws Amendment (Fairer for Families and Farmers and Other Measures) Bill 2024 [Provisions],372
16572,AUSTRALIAN GOVERNMENT RESPONSE TO THE SENATE SELECT COMMITTEE ON SUPERMARKET PRICES – SUPERMARKET PRICES: FINAL REPORT AND COMPETITION AND CONSUMER AMENDMENT (DIVESTITURE POWERS) BILL 2024,5808,Supermarket Prices: Final report - Competition and Consumer Amendment (Divestiture Powers) Bill 2024,374
16654,AUSTRALIAN GOVERNMENT RESPONSE TO THE SENATE COMMITTEE ECONOMICS REPORT: TREASURY LAWS AMENDMENT (TAX ACCOUNTABILITY AND FAIRNESS) BILL 2023,5867,Treasury Laws Amendment (Tax Accountability and Fairness) Bill 2023 [Provisions] [May 2024],375
16802,Australian Government response to the Rural and Regional Affairs and Transport Legislation Committee report: Agriculture (Biosecurity Protection) Levies Bill 2024 [Provisions] and related bills,5865,Agriculture (Biosecurity Protection) Levies Bill 2024 [Provisions] and related bills [May 2024],376
16803,Australian Government response to the Senate Economics Legislation Committee report: National Energy Transition Authority Bill 2022,1598,National Energy Transition Authority Bill 2022 [March 2023],380
16804,Australian Government response to the Select Committee on Energy Planning and Regulation in Australia Final Report,8856,Select Committee on Energy Planning and Regulation in Australia [Final Report],378
16815,Australian Government response to the Senate Economics Committee report: Inquiry into Future Made in Australia Bill 2024 [Provisions] and the Future Made in Australia (Omnibus Amendments No.1) Bill 2024 [Provisions],7257,Future Made in Australia Bill 2024 [Provisions] and the Future Made in Australia (Omnibus Amendments No. 1) Bill 2024 [Provisions],379
16816,Australian Government Response the Senate Education and Employment Committee reports: Quality of governance at Australian higher education providers,14366,Quality of governance at Australian higher education providers – final report,377
17017,Australian Government response to the Senate Community Affairs References Committee report on aged care service delivery,13032,Aged care service delivery,387
17019,"Australian Government response to the Senate Rural and Regional Affairs and Transport References Committee interim report into the state of Australia’s aviation sector and its ability to deliver reliable and affordable services to rural, regional and remote communities",15061,"State of Australia's aviation sector and its ability to deliver reliable and affordable services to rural, regional and remote communities: Report on Qantas’ decision to close regional bases in Canberra, Hobart and Mildura",388
17020,"Australian Government response to the Joint Standing Committee on Foreign Affairs, Defence and Trade inquiry report on Australia’s efforts to advocate for the worldwide abolition of the death penalty",8819,Inquiry into Australia's efforts to advocate for the worldwide abolition of the death penalty,390
17023,"Australian Government response to the Senate Foreign Affairs, Defence and Trade References Committee Report on the National Volunteer Incentive Scheme (Climate Army)",13669,National Volunteer Incentive Scheme (Climate Army),389
17294,"Australian Government response to the final report of the Secure Jobs, Better Pay Review",11743,"Secure Jobs, Better Pay Review (Final Report)",386
17576,Australian Government response to the Joint Select Committee on Northern Australia’s Final Report on the Cyclone Reinsurance Pool,10074,Final Report on the Cyclone Reinsurance Pool,392
17579,Australian Government responses to the Joint Select Committee on Northern Australia’s First Report on the Cyclone Reinsurance Pool,1645,Inquiry into the Cyclone Reinsurance Pool First report [March 2023],391
17689,AUSTRALIAN GOVERNMENT RESPONSE TO THE SENATE ECONOMICS COMMITTEE REPORT: AUSTRALIAN SECURITIES AND INVESTMENTS COMMISSION INVESTIGATION AND ENFORCEMENT,6728,Australian Securities and Investments Commission investigation and enforcement,395
17691,Australian Government response to the Environment and Communications Legislation Committee report: Future Made in Australia (Guarantee of Origin) Bill 2024 [Provisions] and related bills,8125,Future Made in Australia (Guarantee of Origin) Bill 2024 [Provisions] and related bills,396
