response_id,report_id,report_title,report_tabled,report_url,basis,checked_on
150,,,,,not found,2026-09-04
164,,,,,not found,2026-09-04
170,,,,,no title in response,2026-09-04
244,,,,,no title in response,2026-09-04
405,,,,,not found,2026-09-04
406,,,,,not found,2026-09-04
715,,,,,not found,2026-09-04
771,,,,,not found,2026-09-04
772,,,,,not found,2026-09-04
856,,,,,no title in response,2026-09-04
878,,,,,no title in response,2026-09-04
921,,,,,not found,2026-09-04
941,,,,,not found,2026-09-04
964,,,,,not found,2026-09-04
965,,,,,not found,2026-09-04
974,,,,,no title in response,2026-09-04
975,717,Anti-Discrimination and Human Rights Legislation Amendment (Respect at Work) Bill 2022 [Provisions],2022-11-03,https://www.aph.gov.au/Parliamentary_Business/Tabled_Documents/717,title search (1.00),2026-09-04
986,,,,,not found,2026-09-04
1102,,,,,not found,2026-09-04
1103,,,,,no title in response,2026-09-04
1140,,,,,not found,2026-09-04
1143,,,,,not found,2026-09-04
1231,,,,,not found,2026-09-04
1324,,,,,not found,2026-09-04
1346,,,,,not found,2026-09-04
1509,,,,,not found,2026-09-04
1568,,,,,not found,2026-09-04
1569,768,"Fair Work Legislation Amendment (Secure Jobs, Better Pay) Bill 2022 [Provisions]",2022-11-17,https://www.aph.gov.au/Parliamentary_Business/Tabled_Documents/768,title search (1.00),2026-09-04
1677,266,Budget estimates 2022-23,2022-09-08,https://www.aph.gov.au/Parliamentary_Business/Tabled_Documents/266,title search (1.00),2026-09-04
1704,,,,,not found,2026-09-04
1716,,,,,not found,2026-09-04
1717,,,,,not found,2026-09-04
1743,,,,,not found,2026-09-04
2493,2086,Advisory Report on the Constitution Alteration (Aboriginal and Torres Strait Islander Voice) 2023 [May 2023],2023-05-12,https://www.aph.gov.au/Parliamentary_Business/Tabled_Documents/2086,otd link,2026-09-04
2494,,,,,no title in response,2026-09-04
2495,1325,Advisory report on the Referendum (Machinery Provisions) Amendment Bill 2022,2023-03-07,https://www.aph.gov.au/Parliamentary_Business/Tabled_Documents/1325,otd link,2026-09-04
2736,1182,"Inquiry into community safety, support services and job opportunities in the Northern Territory [February 2023]",2023-03-01,https://www.aph.gov.au/Parliamentary_Business/Tabled_Documents/1182,title search (0.80),2026-09-04
2839,1675,Advisory Report on Item 250 of the National Anti-Corruption Commission (Consequential and Transitional Provisions) Bill 2022 [March 2023],2023-03-30,https://www.aph.gov.au/Parliamentary_Business/Tabled_Documents/1675,title search (0.83),2026-09-04
2841,,,,,not found,2026-09-04
2845,195,Social Security (Administration) Amendment (Repeal of Cashless Debit Card and Other Measures) Bill 2022,2022-08-31,https://www.aph.gov.au/Parliamentary_Business/Tabled_Documents/195,otd link,2026-09-04
2910,,,,,no title in response,2026-09-04
2911,1506,Advisory Report on the Inspector-General of Intelligence and Security and Other Legislation Amendment (Modernisation) Bill 2022,2023-03-21,https://www.aph.gov.au/Parliamentary_Business/Tabled_Documents/1506,otd link,2026-09-04
2984,,,,,no title in response,2026-09-04
3006,2100,National Security Legislation Amendment (Comprehensive Review and Other Measures No. 2) Bill 2023,2023-05-15,https://www.aph.gov.au/Parliamentary_Business/Tabled_Documents/2100,otd link,2026-09-04
3049,1700,Inquiry into international armed conflict decision making [March 2023],2023-03-31,https://www.aph.gov.au/Parliamentary_Business/Tabled_Documents/1700,otd link,2026-09-04
3383,1098,"Adequacy of Australia’s biosecurity measures and response preparedness, in particular with respect to foot-and-mouth disease and varroa mite",2023-02-09,https://www.aph.gov.au/Parliamentary_Business/Tabled_Documents/1098,title search (1.00),2026-09-04
3386,,,,,not found,2026-09-04
3396,,,,,no title in response,2026-09-04
3427,,,,,not found,2026-09-04
3519,,,,,not found,2026-09-04
3635,1711,National Vocational Education and Training Regulator (Data Streamlining) Amendment Bill 2023 [Provisions] [April 2023],2023-04-14,https://www.aph.gov.au/Parliamentary_Business/Tabled_Documents/1711,otd link,2026-09-04
3968,2983,Review of administration and expenditure no. 20 (2020-2021): Australian intelligence agencies [June 2023],2023-08-01,https://www.aph.gov.au/Parliamentary_Business/Tabled_Documents/2983,otd link,2026-09-04
4130,,,,,not found,2026-09-04
4165,,,,,not found,2026-09-04
4166,,,,,not found,2026-09-04
4167,,,,,no title in response,2026-09-04
4250,2566,The Defence Industry Security Program: Review of Auditor-General Report 4 of 2021-22 [June 2023],2023-06-20,https://www.aph.gov.au/Parliamentary_Business/Tabled_Documents/2566,otd link,2026-09-04
4372,2064,Review of the Counter-Terrorism (Temporary Exclusion Orders) Act 2019 [April 2023],2023-05-11,https://www.aph.gov.au/Parliamentary_Business/Tabled_Documents/2064,otd link,2026-09-04
4490,,,,,not found,2026-09-04
4520,,,,,not found,2026-09-04
4693,1329,Migration Amendment (Evacuation to Safety) Bill 2023,2023-03-07,https://www.aph.gov.au/Parliamentary_Business/Tabled_Documents/1329,title search (1.00),2026-09-04
4724,,,,,not found,2026-09-04
4774,,,,,not found,2026-09-04
5023,3493,Competition and Consumer (Gas Market Code) Regulations 2023 [October 2023],2023-10-06,https://www.aph.gov.au/Parliamentary_Business/Tabled_Documents/3493,title search (0.86),2026-09-04
5110,1567,Housing Australia Future Fund Bill 2023 [Provisions] and related bills [March 2023],2023-03-22,https://www.aph.gov.au/Parliamentary_Business/Tabled_Documents/1567,otd link,2026-09-04
5150,2489,Family Law Amendment (Information Sharing) Bill 2023 [Provisions] [June 2023],2023-06-14,https://www.aph.gov.au/Parliamentary_Business/Tabled_Documents/2489,otd link,2026-09-04
5151,210,Fair Work Amendment (Paid Family and Domestic Violence Leave) Bill 2022 [Provisions],2022-09-01,https://www.aph.gov.au/Parliamentary_Business/Tabled_Documents/210,otd link,2026-09-04
5159,11301,Sick and tired: Casting a long shadow—Inquiry into long COVID and repeated COVID infections,2023-05-09,https://www.aph.gov.au/Parliamentary_Business/Tabled_Documents/11301,title search (1.00),2026-09-04
5198,3668,Impacts and management of feral horses in the Australian Alps [October 2023],2023-10-13,https://www.aph.gov.au/Parliamentary_Business/Tabled_Documents/3668,otd link,2026-09-04
5297,3105,Family Law Amendment Bill 2023 [Provisions] [August 2023],2023-08-24,https://www.aph.gov.au/Parliamentary_Business/Tabled_Documents/3105,otd link,2026-09-04
5418,4194,Capability and Culture of the NDIA [November 2023],2023-11-16,https://www.aph.gov.au/Parliamentary_Business/Tabled_Documents/4194,otd link,2026-09-04
5550,,,,,not found,2026-09-04
5631,,,,,not found,2026-09-04
5632,4325,Restoring Democracy: Report of the inquiry into local governance on Norfolk Island,2023-11-28,https://www.aph.gov.au/Parliamentary_Business/Tabled_Documents/4325,title search (1.00),2026-09-04
5633,917,Fisheries quota system,2022-12-07,https://www.aph.gov.au/Parliamentary_Business/Tabled_Documents/917,title search (1.00),2026-09-04
5655,2128,Criminal Code Amendment (Prohibition of Nazi Symbols) Bill 2023,2023-05-18,https://www.aph.gov.au/Parliamentary_Business/Tabled_Documents/2128,title search (1.00),2026-09-04
5656,515,Fair Work Amendment (Equal Pay for Equal Work) Bill 2022,2022-10-24,https://www.aph.gov.au/Parliamentary_Business/Tabled_Documents/515,title search (1.00),2026-09-04
5692,2454,Advisory Report on the Australian Security Intelligence Organisation Amendment Bill 2023 [June 2023],2023-06-13,https://www.aph.gov.au/Parliamentary_Business/Tabled_Documents/2454,title search (0.83),2026-09-04
5743,5020,Review of legislative instruments made under Part 3AA or Part 3B of the Social Security (Administration) Act 1999 – Review 1,2024-02-08,https://www.aph.gov.au/Parliamentary_Business/Tabled_Documents/5020,otd link,2026-09-04
5745,,,,,not found,2026-09-04
5746,,,,,not found,2026-09-04
5748,,,,,not found,2026-09-04
5750,,,,,not found,2026-09-04
5751,,,,,not found,2026-09-04
5753,,,,,not found,2026-09-04
5755,,,,,no title in response,2026-09-04
5757,,,,,no title in response,2026-09-04
5759,,,,,not found,2026-09-04
5812,,,,,not found,2026-09-04
5813,60,Environment Protection and Biodiversity Conservation Amendment (Regional Forest Agreements) Bill 2020,2022-07-27,https://www.aph.gov.au/Parliamentary_Business/Tabled_Documents/60,title search (1.00),2026-09-04
5814,,,,,not found,2026-09-04
5815,,,,,not found,2026-09-04
5817,,,,,not found,2026-09-04
5818,,,,,not found,2026-09-04
5821,,,,,not found,2026-09-04
5829,,,,,not found,2026-09-04
5830,,,,,not found,2026-09-04
5831,,,,,not found,2026-09-04
5833,,,,,not found,2026-09-04
5834,,,,,no title in response,2026-09-04
5835,,,,,not found,2026-09-04
5836,,,,,not found,2026-09-04
5837,,,,,not found,2026-09-04
5838,,,,,not found,2026-09-04
5839,,,,,not found,2026-09-04
5840,,,,,not found,2026-09-04
5844,,,,,not found,2026-09-04
5845,,,,,not found,2026-09-04
5846,,,,,not found,2026-09-04
5853,,,,,not found,2026-09-04
5859,,,,,no title in response,2026-09-04
5893,,,,,not found,2026-09-04
5896,,,,,not found,2026-09-04
5897,,,,,not found,2026-09-04
5898,,,,,not found,2026-09-04
5899,,,,,not found,2026-09-04
5900,,,,,not found,2026-09-04
5901,,,,,not found,2026-09-04
5902,,,,,not found,2026-09-04
5903,,,,,not found,2026-09-04
5904,,,,,not found,2026-09-04
5905,,,,,not found,2026-09-04
5907,,,,,not found,2026-09-04
5909,,,,,not found,2026-09-04
5912,,,,,not found,2026-09-04
5913,,,,,not found,2026-09-04
5915,,,,,not found,2026-09-04
5916,2100,National Security Legislation Amendment (Comprehensive Review and Other Measures No. 2) Bill 2023,2023-05-15,https://www.aph.gov.au/Parliamentary_Business/Tabled_Documents/2100,title search (1.00),2026-09-04
5917,,,,,not found,2026-09-04
5918,,,,,not found,2026-09-04
5919,,,,,not found,2026-09-04
5921,,,,,not found,2026-09-04
5922,,,,,not found,2026-09-04
5923,,,,,not found,2026-09-04
5924,,,,,not found,2026-09-04
5926,,,,,not found,2026-09-04
5927,,,,,not found,2026-09-04
5928,,,,,no title in response,2026-09-04
5929,,,,,not found,2026-09-04
5930,,,,,not found,2026-09-04
5931,,,,,not found,2026-09-04
5932,2401,Defence Legislation Amendment (Naval Nuclear Propulsion) Bill 2023 [Provisions] [June 2023],2023-06-09,https://www.aph.gov.au/Parliamentary_Business/Tabled_Documents/2401,otd link,2026-09-04
5933,,,,,not found,2026-09-04
5934,,,,,not found,2026-09-04
5935,3163,Inspector-General of Live Animal Exports Amendment (Animal Welfare) Bill 2023 [August 2023],2023-08-30,https://www.aph.gov.au/Parliamentary_Business/Tabled_Documents/3163,title search (0.88),2026-09-04
5988,,,,,not found,2026-09-04
5989,,,,,not found,2026-09-04
5993,,,,,not found,2026-09-04
5994,,,,,not found,2026-09-04
5995,,,,,not found,2026-09-04
6019,,,,,not found,2026-09-04
6020,,,,,not found,2026-09-04
6021,,,,,no title in response,2026-09-04
6022,,,,,no title in response,2026-09-04
6023,,,,,no title in response,2026-09-04
6024,,,,,not found,2026-09-04
6025,,,,,no title in response,2026-09-04
6026,,,,,no title in response,2026-09-04
6027,,,,,no title in response,2026-09-04
6028,,,,,no title in response,2026-09-04
6033,,,,,not found,2026-09-04
6040,11336,Raising the standard: Inquiry into recommendations 10 and 27 of Set the standard: Report on the independent review into Commonwealth parliamentary workplaces,2023-08-07,https://www.aph.gov.au/Parliamentary_Business/Tabled_Documents/11336,title search (1.00),2026-09-04
6041,,,,,not found,2026-09-04
6044,,,,,not found,2026-09-04
6050,,,,,no title in response,2026-09-04
6051,,,,,no title in response,2026-09-04
6052,,,,,no title in response,2026-09-04
6053,,,,,no title in response,2026-09-04
6054,,,,,no title in response,2026-09-04
6059,,,,,not found,2026-09-04
6060,,,,,no title in response,2026-09-04
6067,,,,,no title in response,2026-09-04
6068,,,,,not found,2026-09-04
6069,,,,,not found,2026-09-04
6070,,,,,not found,2026-09-04
6143,,,,,no title in response,2026-09-04
6144,,,,,not found,2026-09-04
6145,,,,,not found,2026-09-04
6146,,,,,not found,2026-09-04
6147,,,,,not found,2026-09-04
6148,,,,,not found,2026-09-04
6149,,,,,not found,2026-09-04
6150,,,,,not found,2026-09-04
6151,,,,,not found,2026-09-04
6152,,,,,not found,2026-09-04
6153,,,,,not found,2026-09-04
6155,,,,,not found,2026-09-04
6156,,,,,not found,2026-09-04
6157,,,,,no title in response,2026-09-04
6158,,,,,not found,2026-09-04
6159,,,,,not found,2026-09-04
6160,,,,,not found,2026-09-04
6161,,,,,not found,2026-09-04
6162,,,,,not found,2026-09-04
6163,,,,,not found,2026-09-04
6164,,,,,not found,2026-09-04
6208,838,Report 202: Australia-India Economic Cooperation and Trade Agreement,2022-11-22,https://www.aph.gov.au/Parliamentary_Business/Tabled_Documents/838,otd link,2026-09-04
6209,,,,,not found,2026-09-04
6210,,,,,not found,2026-09-04
6211,,,,,not found,2026-09-04
6213,,,,,no title in response,2026-09-04
6226,,,,,not found,2026-09-04
6227,,,,,not found,2026-09-04
6228,,,,,not found,2026-09-04
6229,,,,,not found,2026-09-04
6234,4898,Government Amendments to Treasury Laws Amendment (Making Multinationals Pay Their Fair Share—Integrity and Transparency) Bill 2023 [February 2024],2024-02-05,https://www.aph.gov.au/Parliamentary_Business/Tabled_Documents/4898,title search (0.83),2026-09-04
6235,,,,,not found,2026-09-04
6236,,,,,not found,2026-09-04
6237,,,,,not found,2026-09-04
6238,,,,,not found,2026-09-04
6239,,,,,not found,2026-09-04
6240,,,,,not found,2026-09-04
6241,,,,,not found,2026-09-04
6242,,,,,not found,2026-09-04
6243,,,,,not found,2026-09-04
6244,,,,,no title in response,2026-09-04
6245,,,,,no title in response,2026-09-04
6246,,,,,not found,2026-09-04
6247,,,,,not found,2026-09-04
6248,,,,,not found,2026-09-04
6249,,,,,not found,2026-09-04
6250,,,,,not found,2026-09-04
6251,,,,,no title in response,2026-09-04
6404,,,,,not found,2026-09-04
6406,,,,,not found,2026-09-04
6407,,,,,not found,2026-09-04
6408,,,,,not found,2026-09-04
6409,,,,,not found,2026-09-04
6410,,,,,not found,2026-09-04
6411,,,,,not found,2026-09-04
6415,,,,,not found,2026-09-04
6416,,,,,not found,2026-09-04
6418,,,,,not found,2026-09-04
6419,,,,,not found,2026-09-04
6457,2630,Report 496: Inquiry into the Defence Major Projects Report 2020-21 and 2021-22 and Procurement of Hunter Class Frigates; Interim Report on the 2020-21 and 2021-22 Defence Major Projects Report [June 2023],2023-06-29,https://www.aph.gov.au/Parliamentary_Business/Tabled_Documents/2630,otd link,2026-09-04
6458,,,,,not found,2026-09-04
6540,1360,Select Committee on Work and Care - Final report [March 2023],2023-03-09,https://www.aph.gov.au/Parliamentary_Business/Tabled_Documents/1360,otd link,2026-09-04
6558,5543,Review of the Foreign Influence Transparency Scheme Act 2018 [March 2024],2024-05-14,https://www.aph.gov.au/Parliamentary_Business/Tabled_Documents/5543,otd link,2026-09-04
6633,,,,,not found,2026-09-04
6634,,,,,not found,2026-09-04
6635,,,,,not found,2026-09-04
6636,,,,,not found,2026-09-04
6637,,,,,not found,2026-09-04
6638,,,,,no title in response,2026-09-04
6639,,,,,not found,2026-09-04
6640,,,,,not found,2026-09-04
6641,,,,,not found,2026-09-04
6642,,,,,not found,2026-09-04
6643,,,,,not found,2026-09-04
6644,,,,,not found,2026-09-04
6645,,,,,no title in response,2026-09-04
6646,,,,,not found,2026-09-04
6647,,,,,not found,2026-09-04
6648,,,,,not found,2026-09-04
6649,,,,,not found,2026-09-04
6650,,,,,not found,2026-09-04
6651,,,,,not found,2026-09-04
6652,,,,,not found,2026-09-04
6653,,,,,not found,2026-09-04
6654,,,,,not found,2026-09-04
6655,,,,,no title in response,2026-09-04
6656,,,,,not found,2026-09-04
6657,,,,,not found,2026-09-04
6658,,,,,not found,2026-09-04
6659,,,,,not found,2026-09-04
6660,,,,,not found,2026-09-04
6661,,,,,not found,2026-09-04
6662,,,,,not found,2026-09-04
6663,,,,,not found,2026-09-04
6664,,,,,not found,2026-09-04
6665,,,,,not found,2026-09-04
6666,,,,,not found,2026-09-04
6667,,,,,not found,2026-09-04
6668,,,,,not found,2026-09-04
6669,,,,,not found,2026-09-04
6670,,,,,not found,2026-09-04
6715,,,,,not found,2026-09-04
6716,,,,,not found,2026-09-04
6717,,,,,not found,2026-09-04
6718,,,,,not found,2026-09-04
6719,,,,,not found,2026-09-04
6720,,,,,not found,2026-09-04
6721,,,,,not found,2026-09-04
6722,,,,,not found,2026-09-04
6723,,,,,not found,2026-09-04
6732,,,,,no title in response,2026-09-04
6754,,,,,not found,2026-09-04
6756,5340,Fair Work Amendment Bill 2024,2024-03-14,https://www.aph.gov.au/Parliamentary_Business/Tabled_Documents/5340,otd link,2026-09-04
6786,,,,,no title in response,2026-09-04
6787,,,,,no title in response,2026-09-04
6805,,,,,no title in response,2026-09-04
6873,5201,Digital ID Bill 2023 and the Digital ID (Transitional and Consequential Provisions) Bill 2023,2024-02-28,https://www.aph.gov.au/Parliamentary_Business/Tabled_Documents/5201,title search (1.00),2026-09-04
6932,,,,,not found,2026-09-04
6971,11290,"Inquiry into the 2009 and 2013 amendments to the 1996 Protocol to the Convention on the Prevention of Marine Pollution by Dumping of Wastes and Other Matter, 1972 (London Protocol)—Report, June 2023",2023-06-13,https://www.aph.gov.au/Parliamentary_Business/Tabled_Documents/11290,title search (0.88),2026-09-04
6993,,,,,no title in response,2026-09-04
7037,6892,Shutdown of the 3G mobile network: Interim report,2024-08-01,https://www.aph.gov.au/Parliamentary_Business/Tabled_Documents/6892,otd link,2026-09-04
7094,,,,,not found,2026-09-04
7186,5460,Advisory report on the amendments made by the Australian Citizenship Amendment (Citizenship Repudiation) Bill 2023 Also reporting on review of Subdivision C of Division 3 of Part 2 of the Australian Citizenship Act 2007 (citizenship cessation determinations) [March 2024],2024-03-21,https://www.aph.gov.au/Parliamentary_Business/Tabled_Documents/5460,otd link,2026-09-04
7223,5660,COVID-19 Royal Commission [April 2024],2024-04-19,https://www.aph.gov.au/Parliamentary_Business/Tabled_Documents/5660,otd link,2026-09-04
7279,4495,Efficacy of the Department of Foreign Affairs and Trade due diligence framework [December 2023],2023-12-07,https://www.aph.gov.au/Parliamentary_Business/Tabled_Documents/4495,otd link,2026-09-04
7280,4796,Attorney-General’s Portfolio Miscellaneous Measures Bill 2023 [Provisions] [February 2024],2024-02-01,https://www.aph.gov.au/Parliamentary_Business/Tabled_Documents/4796,otd link,2026-09-04
7304,5880,Australian Naval Nuclear Power Safety Bill 2023 [Provisions] and Australian Naval Nuclear Power Safety (Transitional Provisions) Bill 2023 [Provisions],2024-05-13,https://www.aph.gov.au/Parliamentary_Business/Tabled_Documents/5880,otd link,2026-09-04
7305,2629,Report 495: Inquiry into Commonwealth grants administration [June 2023],2023-06-29,https://www.aph.gov.au/Parliamentary_Business/Tabled_Documents/2629,otd link,2026-09-04
7400,,,,,no title in response,2026-09-04
7440,6448,The Perth Mint: Final report,2024-06-21,https://www.aph.gov.au/Parliamentary_Business/Tabled_Documents/6448,otd link,2026-09-04
7480,6931,Criminal Code Amendment (Deepfake Sexual Material) Bill 2024 [Provisions],2024-08-08,https://www.aph.gov.au/Parliamentary_Business/Tabled_Documents/6931,otd link,2026-09-04
7543,,,,,not found,2026-09-04
7557,,,,,no title in response,2026-09-04
7561,,,,,no title in response,2026-09-04
7565,,,,,no title in response,2026-09-04
7566,,,,,not found,2026-09-04
7567,,,,,no title in response,2026-09-04
7568,,,,,no title in response,2026-09-04
7569,,,,,no title in response,2026-09-04
7570,,,,,no title in response,2026-09-04
7571,,,,,no title in response,2026-09-04
7572,,,,,no title in response,2026-09-04
7573,,,,,no title in response,2026-09-04
7590,,,,,no title in response,2026-09-04
7591,,,,,not found,2026-09-04
7592,,,,,not found,2026-09-04
7593,6167,Australia’s extinction crisis [Interim report - May 2024],2024-05-23,https://www.aph.gov.au/Parliamentary_Business/Tabled_Documents/6167,otd link,2026-09-04
7595,,,,,not found,2026-09-04
7620,6539,Review of administration and expenditure No. 21 (2021-2022): Australian intelligence agencies,2024-06-27,https://www.aph.gov.au/Parliamentary_Business/Tabled_Documents/6539,otd link,2026-09-04
7643,,,,,not found,2026-09-04
7646,6976,Advisory report on the Crimes and Other Legislation Amendment (Omnibus No. 1) Bill 2024,2024-08-13,https://www.aph.gov.au/Parliamentary_Business/Tabled_Documents/6976,otd link,2026-09-04
7667,6975,Advisory Report on the Counter-Terrorism Legislation Amendment (Declared Areas) Bill 2024,2024-08-13,https://www.aph.gov.au/Parliamentary_Business/Tabled_Documents/6975,otd link,2026-09-04
7674,,,,,no title in response,2026-09-04
7675,,,,,no title in response,2026-09-04
7758,5658,Red imported fire ants in Australia,2024-04-18,https://www.aph.gov.au/Parliamentary_Business/Tabled_Documents/5658,otd link,2026-09-04
8011,3281,Concussions and repeated head trauma in contact sports [September 2023],2023-09-05,https://www.aph.gov.au/Parliamentary_Business/Tabled_Documents/3281,otd link,2026-09-04
8195,6783,Glencore’s proposed carbon capture and storage project,2024-07-11,https://www.aph.gov.au/Parliamentary_Business/Tabled_Documents/6783,otd link,2026-09-04
8204,7601,"Veterans' Entitlements, Treatment and Support (Simplification and Harmonisation) Bill 2024 [Provisions]",2024-10-03,https://www.aph.gov.au/Parliamentary_Business/Tabled_Documents/7601,otd link,2026-09-04
8243,5854,Australian Antarctic Division funding,2024-05-09,https://www.aph.gov.au/Parliamentary_Business/Tabled_Documents/5854,otd link,2026-09-04
8244,6440,Treasury Laws Amendment (Delivering Better Financial Outcomes and Other Measures) Bill 2024 [Provisions],2024-06-21,https://www.aph.gov.au/Parliamentary_Business/Tabled_Documents/6440,otd link,2026-09-04
8251,,,,,not found,2026-09-04
8252,,,,,not found,2026-09-04
8253,,,,,not found,2026-09-04
8264,,,,,no title in response,2026-09-04
8346,1088,National Emergency (2022 New South Wales Floods) Declaration 2022,2023-02-08,https://www.aph.gov.au/Parliamentary_Business/Tabled_Documents/1088,otd link,2026-09-04
8347,5879,Net Zero Economy Authority Bill 2024 [Provisions] and the Net Zero Economy Authority (Transitional Provisions) Bill 2024 [Provisions],2024-05-13,https://www.aph.gov.au/Parliamentary_Business/Tabled_Documents/5879,otd link,2026-09-04
8363,,,,,not found,2026-09-04
8364,,,,,not found,2026-09-04
8412,7020,Missing and murdered First Nations women and children,2024-08-15,https://www.aph.gov.au/Parliamentary_Business/Tabled_Documents/7020,otd link,2026-09-04
8487,12103,"Sovereign, smart, sustainable: Driving advanced manufacturing in Australia",2023-11-30,https://www.aph.gov.au/Parliamentary_Business/Tabled_Documents/12103,title search (1.00),2026-09-04
8557,,,,,not found,2026-09-04
8583,,,,,not found,2026-09-04
8606,6535,Climate Change Amendment (Duty of Care and Intergenerational Climate Equity) Bill 2023,2024-06-26,https://www.aph.gov.au/Parliamentary_Business/Tabled_Documents/6535,otd link,2026-09-04
8727,4100,Assessment and support services for people with ADHD [November 2023],2023-11-06,https://www.aph.gov.au/Parliamentary_Business/Tabled_Documents/4100,otd link,2026-09-04
8738,5936,Migration Amendment (Overseas Organ Transplant Disclosure and Other Measures) Bill 2023,2024-05-14,https://www.aph.gov.au/Parliamentary_Business/Tabled_Documents/5936,otd link,2026-09-04
8768,2458,"Migration Amendment (Australia’s Engagement in the Pacific and Other Measures) Bill 2023, and the Migration (Visa Pre-application Process) Charge Bill 2023 [June 2023]",2023-06-13,https://www.aph.gov.au/Parliamentary_Business/Tabled_Documents/2458,otd link,2026-09-04
8769,3421,Australia’s Disaster Resilience interim report [September 2023],2023-09-14,https://www.aph.gov.au/Parliamentary_Business/Tabled_Documents/3421,otd link,2026-09-04
8770,8340,Advisory Report on the Cyber Security Legislative Package 2024,2024-11-18,https://www.aph.gov.au/Parliamentary_Business/Tabled_Documents/8340,otd link,2026-09-04
8790,1730,Treasury Laws Amendment (Consumer Data Right) Bill 2022 [Provisions] [May 2023],2023-05-03,https://www.aph.gov.au/Parliamentary_Business/Tabled_Documents/1730,otd link,2026-09-04
8904,11336,Raising the standard: Inquiry into recommendations 10 and 27 of Set the standard: Report on the independent review into Commonwealth parliamentary workplaces,2023-08-07,https://www.aph.gov.au/Parliamentary_Business/Tabled_Documents/11336,title search (1.00),2026-09-04
9041,,,,,not found,2026-09-04
9046,3172,Migration Amendment (Strengthening Employer Compliance) Bill 2023 [Provisions] [August 2023],2023-08-31,https://www.aph.gov.au/Parliamentary_Business/Tabled_Documents/3172,otd link,2026-09-04
9080,7530,Optus Network Outage,2024-09-27,https://www.aph.gov.au/Parliamentary_Business/Tabled_Documents/7530,otd link,2026-09-04
9111,8123,Family Law Amendment Bill 2024,2024-10-31,https://www.aph.gov.au/Parliamentary_Business/Tabled_Documents/8123,otd link,2026-09-04
9112,8282,Anti-Money Laundering and Counter-Terrorism Financing Amendment Bill 2024 [Provisions],2024-11-13,https://www.aph.gov.au/Parliamentary_Business/Tabled_Documents/8282,otd link,2026-09-04
9186,2566,The Defence Industry Security Program: Review of Auditor-General Report 4 of 2021-22 [June 2023],2023-06-20,https://www.aph.gov.au/Parliamentary_Business/Tabled_Documents/2566,otd link,2026-09-04
9189,,,,,not found,2026-09-04
9325,7433,Issues related to menopause and perimenopause,2024-09-18,https://www.aph.gov.au/Parliamentary_Business/Tabled_Documents/7433,otd link,2026-09-04
9326,2152,"Ending the postcode lottery: Addressing barriers to sexual, maternity and reproductive healthcare in Australia [May 2023]",2023-05-25,https://www.aph.gov.au/Parliamentary_Business/Tabled_Documents/2152,otd link,2026-09-04
9394,,,,,no title in response,2026-09-04
9462,,,,,no title in response,2026-09-04
9463,9463,"Standing Committee on Procedure report—Maintenance of the standing and sessional orders—Government response, 2025",2025-02-13,https://www.aph.gov.au/Parliamentary_Business/Tabled_Documents/9463,title search (0.83),2026-09-04
9466,7402,Australian support for Ukraine,2024-09-16,https://www.aph.gov.au/Parliamentary_Business/Tabled_Documents/7402,otd link,2026-09-04
9473,,,,,no title in response,2026-09-04
9489,3658,Interactive Gambling Amendment (Credit and Other Measures) Bill 2023 [Provisions] [October 2023],2023-10-12,https://www.aph.gov.au/Parliamentary_Business/Tabled_Documents/3658,otd link,2026-09-04
9517,,,,,no title in response,2026-09-04
9714,,,,,not found,2026-09-04
9759,8457,Defence annual report 2022-23,2024-11-26,https://www.aph.gov.au/Parliamentary_Business/Tabled_Documents/8457,otd link,2026-09-04
10118,8093,Wage Justice for Early Childhood Education and Care Workers (Special Account) Bill 2024 [Provisions],2024-10-30,https://www.aph.gov.au/Parliamentary_Business/Tabled_Documents/8093,otd link,2026-09-04
10127,,,,,no title in response,2026-09-04
10128,11618,"Australian Government response to the  Joint Standing Committee on Foreign Affairs, Defence and Trade report: Inquiry into the Department of Defence Annual Report 2021-22",,https://www.aph.gov.au/Parliamentary_Business/Tabled_Documents/11618,otd link,2026-09-04
11238,8147,Not-for-profit entities—Tax assessments,2024-11-01,https://www.aph.gov.au/Parliamentary_Business/Tabled_Documents/8147,otd link,2026-09-04
11617,,,,,no title in response,2026-09-04
11618,3422,Inquiry into the Department of Defence Annual Report 2021–22,2023-09-14,https://www.aph.gov.au/Parliamentary_Business/Tabled_Documents/3422,otd link,2026-09-04
11619,9813,Commonwealth Workplace Protection Orders Bill 2024 [Provisions],2025-03-14,https://www.aph.gov.au/Parliamentary_Business/Tabled_Documents/9813,otd link,2026-09-04
11620,8514,"Report 224 Agreement among the Government of Australia, the Government of the United Kingdom of Great Britain and Northern Ireland, and the Government of the United States of America for Cooperation Related to Naval Nuclear Propulsion",2024-11-27,https://www.aph.gov.au/Parliamentary_Business/Tabled_Documents/8514,otd link,2026-09-04
11765,7185,Excess Mortality,2024-08-30,https://www.aph.gov.au/Parliamentary_Business/Tabled_Documents/7185,otd link,2026-09-04
12106,,,,,not found,2026-09-04
12138,,,,,not found,2026-09-04
12220,8327,Better and Fairer Schools (Funding and Reform) Bill 2024 [Provisions],2024-11-18,https://www.aph.gov.au/Parliamentary_Business/Tabled_Documents/8327,otd link,2026-09-04
12298,6058,"Equitable access to diagnosis and treatment for individuals with rare and less common cancers, including neuroendocrine cancer",2024-05-17,https://www.aph.gov.au/Parliamentary_Business/Tabled_Documents/6058,otd link,2026-09-04
12354,,,,,no title in response,2026-09-04
12355,,,,,no title in response,2026-09-04
12375,9130,Oversight Legislation Amendment (Robodebt Royal Commission Response and Other Measures) Bill 2024 [Provisions],2025-01-30,https://www.aph.gov.au/Parliamentary_Business/Tabled_Documents/9130,otd link,2026-09-04
12376,4191,Supporting democracy in our region [November 2023],2023-11-16,https://www.aph.gov.au/Parliamentary_Business/Tabled_Documents/4191,otd link,2026-09-04
12462,,,,,no title in response,2026-09-04
12527,,,,,not found,2026-09-04
12528,,,,,not found,2026-09-04
12529,,,,,not found,2026-09-04
12530,,,,,not found,2026-09-04
12533,,,,,not found,2026-09-04
12658,,,,,not found,2026-09-04
12659,,,,,not found,2026-09-04
12726,9135,Workplace Gender Equality Amendment (Setting Gender Equality Targets) Bill 2024,2025-01-30,https://www.aph.gov.au/Parliamentary_Business/Tabled_Documents/9135,otd link,2026-09-04
12727,10948,Defence honours and awards system,2025-06-19,https://www.aph.gov.au/Parliamentary_Business/Tabled_Documents/10948,otd link,2026-09-04
12986,9585,Shutdown of the 3G mobile network,2025-02-26,https://www.aph.gov.au/Parliamentary_Business/Tabled_Documents/9585,otd link,2026-09-04
13153,9618,Free TAFE Bill 2024 [Provisions],2025-02-27,https://www.aph.gov.au/Parliamentary_Business/Tabled_Documents/9618,otd link,2026-09-04
13187,9758,Advisory report on the Transport Security Amendment (Security of Australia's Transport Sector) Bill 2024,2025-03-25,https://www.aph.gov.au/Parliamentary_Business/Tabled_Documents/9758,otd link,2026-09-04
13232,,,,,no title in response,2026-09-04
13234,7211,Migration Amendment (Strengthening Sponsorship and Nomination Processes) Bill 2024 [Provisions],2024-09-02,https://www.aph.gov.au/Parliamentary_Business/Tabled_Documents/7211,otd link,2026-09-04
13252,3850,Customs Legislation Amendment (Commercial Greyhound Export and Import Prohibition) Bill 2021 [October 2023],2023-10-19,https://www.aph.gov.au/Parliamentary_Business/Tabled_Documents/3850,otd link,2026-09-04
13407,8820,Report 507: Defence 2023-24 major projects report,2025-02-04,https://www.aph.gov.au/Parliamentary_Business/Tabled_Documents/8820,otd link,2026-09-04
13557,8511,Impact and mitigation of aircraft noise,2024-11-27,https://www.aph.gov.au/Parliamentary_Business/Tabled_Documents/8511,otd link,2026-09-04
13649,10121,Access to diagnosis and treatment for people in Australia with tick-borne diseases,2025-03-27,https://www.aph.gov.au/Parliamentary_Business/Tabled_Documents/10121,otd link,2026-09-04
13650,12194,Fair Work Amendment (Protecting Penalty and Overtime Rates) Bill 2025,2025-08-22,https://www.aph.gov.au/Parliamentary_Business/Tabled_Documents/12194,otd link,2026-09-04
13688,9828,Select Committee on PFAS (per and polyfluoroalkyl substances) [Interim report],2025-03-14,https://www.aph.gov.au/Parliamentary_Business/Tabled_Documents/9828,otd link,2026-09-04
13782,,,,,not found,2026-09-04
13947,,,,,not found,2026-09-04
13990,,,,,not found,2026-09-04
13993,,,,,not found,2026-09-04
14009,,,,,no title in response,2026-09-04
14151,3420,"Australia’s preparedness to host Commonwealth, Olympic and Paralympic Games [Interim report - September 2023]",2023-09-14,https://www.aph.gov.au/Parliamentary_Business/Tabled_Documents/3420,otd link,2026-09-04
14164,,,,,not found,2026-09-04
14171,12344,"Review of Schedule 9 of the Veterans’ Entitlements, Treatment and Support (Simplification and Harmonisation) Act 2025",2025-08-29,https://www.aph.gov.au/Parliamentary_Business/Tabled_Documents/12344,otd link,2026-09-04
14190,3526,Commonwealth Bilateral Air Service Agreements [October 2023],2023-10-09,https://www.aph.gov.au/Parliamentary_Business/Tabled_Documents/3526,otd link,2026-09-04
14277,13513,Issues relating to advocacy services for veterans accessing compensation and income support,2025-11-04,https://www.aph.gov.au/Parliamentary_Business/Tabled_Documents/13513,otd link,2026-09-04
14424,6559,Supporting the development of sovereign capability in the Australian tech sector,2024-06-28,https://www.aph.gov.au/Parliamentary_Business/Tabled_Documents/6559,otd link,2026-09-04
14687,6903,Treasury Laws Amendment (Responsible Buy Now Pay Later and Other Measures) Bill 2024,2024-08-02,https://www.aph.gov.au/Parliamentary_Business/Tabled_Documents/6903,otd link,2026-09-04
14688,9253,National Broadband Network Companies Amendment (Commitment to Public Ownership) Bill 2024 [Provisions],2025-02-06,https://www.aph.gov.au/Parliamentary_Business/Tabled_Documents/9253,otd link,2026-09-04
14707,6355,Management and assurance of integrity by consulting services [PWC],2024-06-12,https://www.aph.gov.au/Parliamentary_Business/Tabled_Documents/6355,otd link,2026-09-04
14851,8230,"Ethics and Professional Accountability: Structural Challenges in the Audit, Assurance and Consultancy Industry",2024-11-07,https://www.aph.gov.au/Parliamentary_Business/Tabled_Documents/8230,otd link,2026-09-04
14887,6433,Illegal Logging Prohibition Amendment (Strengthening Measures to Prevent Illegal Timber Trade) Bill 2024 [Provisions],2024-06-20,https://www.aph.gov.au/Parliamentary_Business/Tabled_Documents/6433,otd link,2026-09-04
14956,,,,,not found,2026-09-04
14957,,,,,not found,2026-09-04
14958,,,,,no title in response,2026-09-04
14959,,,,,no title in response,2026-09-04
15044,13845,Treasury Laws Amendment (Strengthening Financial Systems and Other Measures) Bill 2025,2025-11-19,https://www.aph.gov.au/Parliamentary_Business/Tabled_Documents/13845,otd link,2026-09-04
15205,8443,Redress: Journey to Justice [Final report],2024-11-26,https://www.aph.gov.au/Parliamentary_Business/Tabled_Documents/8443,otd link,2026-09-04
15294,6186,Bank closures in regional Australia: Protecting the future of regional banking,2024-05-24,https://www.aph.gov.au/Parliamentary_Business/Tabled_Documents/6186,otd link,2026-09-04
15314,,,,,not found,2026-09-04
15356,9750,Issues paper relating to the health impacts of alcohol and other drugs in Australia,2025-03-27,https://www.aph.gov.au/Parliamentary_Business/Tabled_Documents/9750,title search (1.00),2026-09-04
15400,5114,"Inquiry into the implications of severe weather events on the national regional, rural, and remote road network",2024-02-06,https://www.aph.gov.au/Parliamentary_Business/Tabled_Documents/5114,title search (1.00),2026-09-04
15418,,,,,not found,2026-09-04
15449,,,,,not found,2026-09-04
15481,,,,,not found,2026-09-04
15482,4358,The pursuit of equality – Inquiry into the human rights of women and children [November 2023],2023-11-30,https://www.aph.gov.au/Parliamentary_Business/Tabled_Documents/4358,otd link,2026-09-04
15483,5805,Migration Amendment (Removal and Other Measures) Bill 2024,2024-05-07,https://www.aph.gov.au/Parliamentary_Business/Tabled_Documents/5805,otd link,2026-09-04
15484,8305,Treasury Laws Amendment (Mergers and Acquisitions Reform) Bill 2024 [Provisions],2024-11-15,https://www.aph.gov.au/Parliamentary_Business/Tabled_Documents/8305,otd link,2026-09-04
15527,4129,Identity Verification Services Bill 2023 and the Identity Verification Services (Consequential Amendments) Bill 2023 [Provisions],2023-11-09,https://www.aph.gov.au/Parliamentary_Business/Tabled_Documents/4129,otd link,2026-09-04
15533,,,,,no title in response,2026-09-04
15534,,,,,no title in response,2026-09-04
15535,,,,,not found,2026-09-04
15536,,,,,no title in response,2026-09-04
15537,,,,,no title in response,2026-09-04
15538,,,,,not found,2026-09-04
15539,,,,,not found,2026-09-04
15547,,,,,not found,2026-09-04
15548,,,,,not found,2026-09-04
15549,,,,,not found,2026-09-04
15550,,,,,no title in response,2026-09-04
15551,,,,,no title in response,2026-09-04
15552,,,,,not found,2026-09-04
15553,,,,,no title in response,2026-09-04
15554,5200,Modern Slavery Amendment (Australian Anti-Slavery Commissioner) Bill 2023 [Provisions],2024-02-28,https://www.aph.gov.au/Parliamentary_Business/Tabled_Documents/5200,otd link,2026-09-04
15555,5675,Crimes Amendment (Strengthening the Criminal Justice Response to Sexual Violence) Bill 2024,2024-04-24,https://www.aph.gov.au/Parliamentary_Business/Tabled_Documents/5675,otd link,2026-09-04
15557,7116,Middle Arm Industrial Precinct,2024-08-21,https://www.aph.gov.au/Parliamentary_Business/Tabled_Documents/7116,otd link,2026-09-04
15562,,,,,not found,2026-09-04
15563,,,,,not found,2026-09-04
15564,,,,,not found,2026-09-04
15565,,,,,not found,2026-09-04
15566,,,,,not found,2026-09-04
15567,,,,,not found,2026-09-04
15568,,,,,no title in response,2026-09-04
15569,,,,,no title in response,2026-09-04
15586,13921,Defence Amendment (Defence Honours and Awards Appeals Tribunal) Bill 2025,2025-11-21,https://www.aph.gov.au/Parliamentary_Business/Tabled_Documents/13921,otd link,2026-09-04
15589,841,Privacy Legislation Amendment (Enforcement and Other Measures) Bill 2022 [Provisions],2022-11-22,https://www.aph.gov.au/Parliamentary_Business/Tabled_Documents/841,otd link,2026-09-04
15590,13672,Administrative Review Tribunal and Other Legislation Amendment Bill 2025,2025-11-06,https://www.aph.gov.au/Parliamentary_Business/Tabled_Documents/13672,otd link,2026-09-04
15594,731,Advisory report on the provisions of the National Anti-Corruption Commission Bill 2022 and the National Anti-Corruption Commission (Consequential and Transitional Provisions) Bill 2022,2022-11-10,https://www.aph.gov.au/Parliamentary_Business/Tabled_Documents/731,otd link,2026-09-04
15595,2897,Crimes Legislation Amendment (Combatting Foreign Bribery) Bill 2023 [Provisions] [July 2023],2023-07-26,https://www.aph.gov.au/Parliamentary_Business/Tabled_Documents/2897,otd link,2026-09-04
15607,9396,Inquiry into antisemitism at Australian universities,2025-02-13,https://www.aph.gov.au/Parliamentary_Business/Tabled_Documents/9396,otd link,2026-09-04
15640,2835,"Statutory inquiry into ASIC, the Takeovers Panel, and the corporations legislation: ASIC Licence transfers [Interim - July 2023]",2023-07-10,https://www.aph.gov.au/Parliamentary_Business/Tabled_Documents/2835,otd link,2026-09-04
15671,6434,Copyright Legislation Amendment (Fair Pay for Radio Play) Bill 2023,2024-06-20,https://www.aph.gov.au/Parliamentary_Business/Tabled_Documents/6434,otd link,2026-09-04
15672,10183,Residential electrification,2025-03-31,https://www.aph.gov.au/Parliamentary_Business/Tabled_Documents/10183,otd link,2026-09-04
15673,13920,Micro-competition opportunities in e-conveyancing,2025-11-21,https://www.aph.gov.au/Parliamentary_Business/Tabled_Documents/13920,otd link,2026-09-04
15676,7558,Commission of Inquiry into Antisemitism at Australian Universities Bill 2024 (No. 2),2024-10-01,https://www.aph.gov.au/Parliamentary_Business/Tabled_Documents/7558,otd link,2026-09-04
15766,727,Social Services and Other Legislation Amendment (Workforce Incentive) Bill 2022 [Provisions],2022-11-10,https://www.aph.gov.au/Parliamentary_Business/Tabled_Documents/727,otd link,2026-09-04
15767,1158,Paid Parental Leave Amendment (Improvements for Families and Gender Equality) Bill 2022 [Provisions] [February 2023],,https://www.aph.gov.au/Parliamentary_Business/Tabled_Documents/1158,otd link,2026-09-04
15768,2327,Social Security (Administration) Amendment (Income Management Reform) Bill 2023 [Provisions] [June 2023],2023-06-06,https://www.aph.gov.au/Parliamentary_Business/Tabled_Documents/2327,otd link,2026-09-04
15770,2848,Social Services and Other Legislation Amendment (Strengthening the Safety Net) Bill 2023 [July 2023],2023-07-24,https://www.aph.gov.au/Parliamentary_Business/Tabled_Documents/2848,otd link,2026-09-04
15781,3170,Potential impacts of the Commonwealth Paid Parental Leave Scheme on small businesses and their employees [August 2023],2023-08-31,https://www.aph.gov.au/Parliamentary_Business/Tabled_Documents/3170,otd link,2026-09-04
15837,13692,Algal blooms in South Australia,2025-11-11,https://www.aph.gov.au/Parliamentary_Business/Tabled_Documents/13692,otd link,2026-09-04
15838,8303,Tax Laws Amendment (Incentivising Food Donations to Charitable Organisations) Bill 2024,2024-11-15,https://www.aph.gov.au/Parliamentary_Business/Tabled_Documents/8303,otd link,2026-09-04
15839,9149,Future Made in Australia (Production Tax Credits and Other Measures) Bill 2024 [Provisions],2025-01-31,https://www.aph.gov.au/Parliamentary_Business/Tabled_Documents/9149,otd link,2026-09-04
15840,3847,"Australia’s tourism and international sectors, ‘Quality and Integrity – the Quest for Sustainable Growth’: Interim Report into International Education [October 2023]",2023-10-19,https://www.aph.gov.au/Parliamentary_Business/Tabled_Documents/3847,otd link,2026-09-04
15841,5572,Superannuation (Objective) Bill 2023 [Provisions],2024-03-28,https://www.aph.gov.au/Parliamentary_Business/Tabled_Documents/5572,otd link,2026-09-04
15842,15507,Advisory Report on the Royal Commissions Legislation Amendment (Protections for Providing Information) Bill 2026,2026-03-12,https://www.aph.gov.au/Parliamentary_Business/Tabled_Documents/15507,otd link,2026-09-04
15843,8605,Right wing extremist movements in Australia,2024-12-06,https://www.aph.gov.au/Parliamentary_Business/Tabled_Documents/8605,otd link,2026-09-04
15844,7546,‘Are we there yet?’: From recovery to resilience – opportunities and challenges for Australia’s tourism sector,2024-10-01,https://www.aph.gov.au/Parliamentary_Business/Tabled_Documents/7546,otd link,2026-09-04
15845,9425,Wholesale investor and wholesale client tests,2025-02-13,https://www.aph.gov.au/Parliamentary_Business/Tabled_Documents/9425,otd link,2026-09-04
15846,2203,Treasury Laws Amendment (2023 Measures No. 1) Bill 2023 [Provisions] [June 2023],2023-06-02,https://www.aph.gov.au/Parliamentary_Business/Tabled_Documents/2203,otd link,2026-09-04
15847,3237,Digital Assets (Market Regulation) Bill 2023 [September 2023],2023-09-04,https://www.aph.gov.au/Parliamentary_Business/Tabled_Documents/3237,otd link,2026-09-04
15848,8442,Inquiry into economic self-determination and opportunities for First Nations Australians,2024-11-26,https://www.aph.gov.au/Parliamentary_Business/Tabled_Documents/8442,otd link,2026-09-04
15888,734,Family Assistance Legislation Amendment (Cheaper Child Care) Bill 2022 [Provisions],2022-11-16,https://www.aph.gov.au/Parliamentary_Business/Tabled_Documents/734,otd link,2026-09-04
15889,5199,The extent and nature of poverty in Australia,2024-02-28,https://www.aph.gov.au/Parliamentary_Business/Tabled_Documents/5199,otd link,2026-09-04
15890,4080,Win-win under our oceans: Climate-related marine invasive species,,https://www.aph.gov.au/Parliamentary_Business/Tabled_Documents/4080,otd link,2026-09-04
15891,8441,Select Committee on Adopting Artificial Intelligence (AI),2024-11-26,https://www.aph.gov.au/Parliamentary_Business/Tabled_Documents/8441,otd link,2026-09-04
15892,1726,Education Legislation Amendment (Startup Year and Other Measures) Bill 2023 [Provisions] [April 2023],2023-04-28,https://www.aph.gov.au/Parliamentary_Business/Tabled_Documents/1726,otd link,2026-09-04
15894,,,,,not found,2026-09-04
15895,5066,Report on a Certain Maritime Incident,2002-10-23,https://www.aph.gov.au/Parliamentary_Business/Tabled_Documents/5066,otd link,2026-09-04
15896,,,,,not found,2026-09-04
15897,,,,,not found,2026-09-04
15898,,,,,not found,2026-09-04
15899,,,,,not found,2026-09-04
15900,,,,,no title in response,2026-09-04
15903,,,,,not found,2026-09-04
15904,,,,,no title in response,2026-09-04
15905,,,,,not found,2026-09-04
15906,,,,,not found,2026-09-04
15907,,,,,no title in response,2026-09-04
15908,,,,,not found,2026-09-04
15909,,,,,no title in response,2026-09-04
15912,1369,Public Interest Disclosure Amendment (Review) Bill 2022 [Provisions] [March 2023],2023-03-14,https://www.aph.gov.au/Parliamentary_Business/Tabled_Documents/1369,otd link,2026-09-04
15913,12340,Whistleblower Protection Authority Bill 2025,2025-08-29,https://www.aph.gov.au/Parliamentary_Business/Tabled_Documents/12340,otd link,2026-09-04
15916,9349,The future of work: Inquiry into the digital transformation of workplaces,2025-02-11,https://www.aph.gov.au/Parliamentary_Business/Tabled_Documents/9349,title search (1.00),2026-09-04
15917,,,,,not found,2026-09-04
15918,,,,,not found,2026-09-04
15936,8840,Tasmanian Freight Equalisation Scheme,2024-12-19,https://www.aph.gov.au/Parliamentary_Business/Tabled_Documents/8840,otd link,2026-09-04
15937,5866,Treasury Laws Amendment (Better Targeted Superannuation Concessions and Other Measures) Bill 2023 [Provisions] and Superannuation (Better Targeted Superannuation Concessions) Imposition Bill 2023 [Provisions] [May 2024],2024-05-10,https://www.aph.gov.au/Parliamentary_Business/Tabled_Documents/5866,otd link,2026-09-04
15993,8440,Northern Australia Workforce Development,2024-11-28,https://www.aph.gov.au/Parliamentary_Business/Tabled_Documents/8440,otd link,2026-09-04
16002,6117,Australia’s illicit drug problem: Challenges and opportunities for law enforcement [May 2024],2024-05-21,https://www.aph.gov.au/Parliamentary_Business/Tabled_Documents/6117,otd link,2026-09-04
16003,9626,Australian winegrape purchases code of conduct,2025-02-28,https://www.aph.gov.au/Parliamentary_Business/Tabled_Documents/9626,otd link,2026-09-04
16012,355,Don’t mince words: Definitions of meat and other animal products,2022-09-27,https://www.aph.gov.au/Parliamentary_Business/Tabled_Documents/355,title search (1.00),2026-09-04
16013,9334,National Organic Standard Bill 2024,2025-02-11,https://www.aph.gov.au/Parliamentary_Business/Tabled_Documents/9334,otd link,2026-09-04
16018,4264,Treasury Laws Amendment (Support for Small Business and Charities and Other Measures) Bill 2023 [Provisions] [November 2023],2023-11-24,https://www.aph.gov.au/Parliamentary_Business/Tabled_Documents/4264,title search (0.83),2026-09-04
16019,14923,Advisory report on the Australian Security Intelligence Organisation Amendment Bill (No. 2) 2025,2026-02-05,https://www.aph.gov.au/Parliamentary_Business/Tabled_Documents/14923,otd link,2026-09-04
16030,,,,,not found,2026-09-04
16059,7275,Nature Positive (Environment Protection Australia) Bill 2024 [Provisions] and related bills,2024-09-09,https://www.aph.gov.au/Parliamentary_Business/Tabled_Documents/7275,otd link,2026-09-04
16067,,,,,not found,2026-09-04
16068,,,,,no title in response,2026-09-04
16074,5364,Defence Trade Controls Amendment Bill 2023 [Provisions] [March 2024],2024-03-15,https://www.aph.gov.au/Parliamentary_Business/Tabled_Documents/5364,otd link,2026-09-04
16075,5338,Defence Amendment (Safeguarding Australia’s Military Secrets) Bill 2023 [February 2024],2024-03-14,https://www.aph.gov.au/Parliamentary_Business/Tabled_Documents/5338,otd link,2026-09-04
16076,6207,Department of Defence — Facilities to Support Advanced Growler Phase 6,2024-06-25,https://www.aph.gov.au/Parliamentary_Business/Tabled_Documents/6207,otd link,2026-09-04
16077,8193,Department of Defence — Explosive Ordnance Facilities Northern NSW Redevelopment project and other works,2024-11-19,https://www.aph.gov.au/Parliamentary_Business/Tabled_Documents/8193,otd link,2026-09-04
16078,8294,Privacy and Other Legislation Amendment Bill 2024 [Provisions],2024-11-14,https://www.aph.gov.au/Parliamentary_Business/Tabled_Documents/8294,otd link,2026-09-04
16079,5881,Administrative Review Tribunal Bill 2023 [Provisions] and related bills,2024-05-13,https://www.aph.gov.au/Parliamentary_Business/Tabled_Documents/5881,otd link,2026-09-04
16083,8124,Administrative Review Tribunal (Miscellaneous Measures) Bill 2024,2024-10-31,https://www.aph.gov.au/Parliamentary_Business/Tabled_Documents/8124,otd link,2026-09-04
16085,14968,Eighty Ninth Annual Report,2026-03-04,https://www.aph.gov.au/Parliamentary_Business/Tabled_Documents/14968,otd link,2026-09-04
16106,5332,COAG Legislation Amendment Bill 2023 [Provisions],2024-03-14,https://www.aph.gov.au/Parliamentary_Business/Tabled_Documents/5332,otd link,2026-09-04
16143,4998,The issue of increasing disruption in Australian school classrooms,2024-02-07,https://www.aph.gov.au/Parliamentary_Business/Tabled_Documents/4998,otd link,2026-09-04
16153,14023,Internet Search Engine Services Online Safety Code and under 16 social media ban,2025-11-26,https://www.aph.gov.au/Parliamentary_Business/Tabled_Documents/14023,otd link,2026-09-04
16155,9246,From Classroom to Community: Civics education and political participation in Australia,2025-02-05,https://www.aph.gov.au/Parliamentary_Business/Tabled_Documents/9246,otd link,2026-09-04
16157,7088,"Department of Defence — Submarine Rotational Force—West, Priority Works, HMAS Stirling, Western Australia and other works",2024-08-20,https://www.aph.gov.au/Parliamentary_Business/Tabled_Documents/7088,otd link,2026-09-04
16158,7602,Universities Accord (Student Support and Other Measures) Bill 2024 [Provisions],2024-10-03,https://www.aph.gov.au/Parliamentary_Business/Tabled_Documents/7602,otd link,2026-09-04
16159,3638,Higher Education Support Amendment (Response to the Australian Universities Accord Interim Report) Bill 2023 [Provisions] [October 2023],2023-10-11,https://www.aph.gov.au/Parliamentary_Business/Tabled_Documents/3638,otd link,2026-09-04
16160,1713,Education and Other Legislation Amendment (Abolishing Indexation and Raising the Minimum Repayment Income for Education and Training Loans) Bill 2022 [April 2023],2023-04-17,https://www.aph.gov.au/Parliamentary_Business/Tabled_Documents/1713,otd link,2026-09-04
16178,5371,"Public Governance, Performance and Accountability Amendment (Vaccine Indemnity) Bill 2023",2024-03-18,https://www.aph.gov.au/Parliamentary_Business/Tabled_Documents/5371,otd link,2026-09-04
16205,5851,National Cultural Policy: Interim report,2024-05-09,https://www.aph.gov.au/Parliamentary_Business/Tabled_Documents/5851,otd link,2026-09-04
16240,9293,Australia's Antarctic Territory: Inquiry into the Importance of Antarctica to Australia's National Interests,2025-02-11,https://www.aph.gov.au/Parliamentary_Business/Tabled_Documents/9293,otd link,2026-09-04
16241,8558,Pursuing the Priorities of the Pacific Inquiry into Australia’s alignment with the priorities of Pacific Island countries,2024-11-28,https://www.aph.gov.au/Parliamentary_Business/Tabled_Documents/8558,otd link,2026-09-04
16245,,,,,not found,2026-09-04
16278,7664,Education Services for Overseas Students Amendment (Quality and Integrity) Bill 2024 [Provisions],2024-10-09,https://www.aph.gov.au/Parliamentary_Business/Tabled_Documents/7664,otd link,2026-09-04
16279,15260,Universities Accord (Australian Tertiary Education Commission) Bill 2025 and the Universities Accord (Australian Tertiary Education Commission) (Consequential and Transitional Provisions) Bill 2025,2026-02-27,https://www.aph.gov.au/Parliamentary_Business/Tabled_Documents/15260,otd link,2026-09-04
16308,11383,"You win some, you lose more: Online gambling and its impacts on those experiencing gambling harm",2023-08-02,https://www.aph.gov.au/Parliamentary_Business/Tabled_Documents/11383,title search (1.00),2026-09-04
16309,,,,,no title in response,2026-09-04
16338,,,,,no title in response,2026-09-04
16381,3758,"Report 7/2023 - National Capital Authority — Commonwealth Avenue Bridge, Canberra, ACT, Renewal Project [September 2023]",2023-10-17,https://www.aph.gov.au/Parliamentary_Business/Tabled_Documents/3758,otd link,2026-09-04
16382,,,,,not found,2026-09-04
16383,,,,,not found,2026-09-04
16384,6435,National Disability Insurance Scheme Amendment (Getting the NDIS Back on Track No. 1) Bill 2024 [Provisions],2024-06-20,https://www.aph.gov.au/Parliamentary_Business/Tabled_Documents/6435,otd link,2026-09-04
16386,,,,,not found,2026-09-04
16469,4142,Water Amendment (Restoring Our Rivers) Bill 2023 [Provisions] [November 2023],2023-11-10,https://www.aph.gov.au/Parliamentary_Business/Tabled_Documents/4142,otd link,2026-09-04
16470,14332,Climate Risk Assessment,2025-12-10,https://www.aph.gov.au/Parliamentary_Business/Tabled_Documents/14332,otd link,2026-09-04
16480,,,,,not found,2026-09-04
16500,,,,,no title in response,2026-09-04
16501,,,,,no title in response,2026-09-04
16507,13676,"NDIS participant experience in rural, regional and remote Australia [November 2025]",2025-11-06,https://www.aph.gov.au/Parliamentary_Business/Tabled_Documents/13676,otd link,2026-09-04
16510,13288,69th report - Drafting services for non-government senators,2025-10-21,https://www.aph.gov.au/Parliamentary_Business/Tabled_Documents/13288,otd link,2026-09-04
16516,10805,Offshore wind industry consultation process,2025-06-05,https://www.aph.gov.au/Parliamentary_Business/Tabled_Documents/10805,otd link,2026-09-04
16520,8280,"Criminal Code Amendment (Genocide, Crimes Against Humanity and War Crimes) Bill 2024",2024-11-13,https://www.aph.gov.au/Parliamentary_Business/Tabled_Documents/8280,otd link,2026-09-04
16523,8736,Criminal Code Amendment (Hate Crimes) Bill 2024 [Provisions],2024-12-12,https://www.aph.gov.au/Parliamentary_Business/Tabled_Documents/8736,title search (1.00),2026-09-04
16536,5624,Communications Legislation Amendment (Prominence and Anti-siphoning) Bill 2023 [Provisions] [April 2024],2024-04-09,https://www.aph.gov.au/Parliamentary_Business/Tabled_Documents/5624,otd link,2026-09-04
16545,9179,Scams Prevention Framework Bill 2024 [Provisions],2025-02-03,https://www.aph.gov.au/Parliamentary_Business/Tabled_Documents/9179,otd link,2026-09-04
16547,1301,Safeguard Mechanism (Crediting) Amendment Bill 2022 [Provisions] [March 2023],2023-03-06,https://www.aph.gov.au/Parliamentary_Business/Tabled_Documents/1301,otd link,2026-09-04
16549,,,,,not found,2026-09-04
16571,9146,Treasury Laws Amendment (Fairer for Families and Farmers and Other Measures) Bill 2024 [Provisions],2025-01-31,https://www.aph.gov.au/Parliamentary_Business/Tabled_Documents/9146,otd link,2026-09-04
16572,5808,Supermarket Prices: Final report - Competition and Consumer Amendment (Divestiture Powers) Bill 2024,2024-05-07,https://www.aph.gov.au/Parliamentary_Business/Tabled_Documents/5808,otd link,2026-09-04
16602,,,,,not found,2026-09-04
16654,5867,Treasury Laws Amendment (Tax Accountability and Fairness) Bill 2023 [Provisions] [May 2024],2024-05-10,https://www.aph.gov.au/Parliamentary_Business/Tabled_Documents/5867,otd link,2026-09-04
16802,5865,Agriculture (Biosecurity Protection) Levies Bill 2024 [Provisions] and related bills [May 2024],2024-05-10,https://www.aph.gov.au/Parliamentary_Business/Tabled_Documents/5865,otd link,2026-09-04
16803,1598,National Energy Transition Authority Bill 2022 [March 2023],2023-03-24,https://www.aph.gov.au/Parliamentary_Business/Tabled_Documents/1598,otd link,2026-09-04
16804,8856,Select Committee on Energy Planning and Regulation in Australia [Final Report],2024-12-20,https://www.aph.gov.au/Parliamentary_Business/Tabled_Documents/8856,otd link,2026-09-04
16815,7257,Future Made in Australia Bill 2024 [Provisions] and the Future Made in Australia (Omnibus Amendments No. 1) Bill 2024 [Provisions],2024-09-06,https://www.aph.gov.au/Parliamentary_Business/Tabled_Documents/7257,otd link,2026-09-04
16816,14366,Quality of governance at Australian higher education providers – final report,2025-12-11,https://www.aph.gov.au/Parliamentary_Business/Tabled_Documents/14366,otd link,2026-09-04
16842,8445,Online Safety Amendment (Social Media Minimum Age) Bill 2024 [Provisions],2024-11-26,https://www.aph.gov.au/Parliamentary_Business/Tabled_Documents/8445,title search (1.00),2026-09-04
16885,15365,Treasury Laws Amendment (Supporting Choice in Superannuation and Other Measures) Bill 2025,2026-03-04,https://www.aph.gov.au/Parliamentary_Business/Tabled_Documents/15365,title search (0.80),2026-09-04
16922,,,,,not found,2026-09-04
16923,11164,Australian food story: Feeding the nation and beyond: Inquiry into food security in Australia,2023-12-07,https://www.aph.gov.au/Parliamentary_Business/Tabled_Documents/11164,title search (1.00),2026-09-04
16969,8552,Wrongful detention of Australian citizens overseas,2024-11-28,https://www.aph.gov.au/Parliamentary_Business/Tabled_Documents/8552,title search (1.00),2026-09-04
16970,6186,Bank closures in regional Australia: Protecting the future of regional banking,2024-05-24,https://www.aph.gov.au/Parliamentary_Business/Tabled_Documents/6186,title search (1.00),2026-09-04
17017,13032,Aged care service delivery,2025-10-01,https://www.aph.gov.au/Parliamentary_Business/Tabled_Documents/13032,otd link,2026-09-04
17018,,,,,not found,2026-09-04
17019,15061,"State of Australia's aviation sector and its ability to deliver reliable and affordable services to rural, regional and remote communities: Report on Qantas’ decision to close regional bases in Canberra, Hobart and Mildura",2026-02-18,https://www.aph.gov.au/Parliamentary_Business/Tabled_Documents/15061,otd link,2026-09-04
17020,8819,Inquiry into Australia's efforts to advocate for the worldwide abolition of the death penalty,2025-02-04,https://www.aph.gov.au/Parliamentary_Business/Tabled_Documents/8819,otd link,2026-09-04
17021,5789,Treasury Laws Amendment (Financial Market Infrastructure and Other Measures) Bill 2024 [Provisions] [May 2024],2024-05-03,https://www.aph.gov.au/Parliamentary_Business/Tabled_Documents/5789,title search (0.80),2026-09-04
17022,,,,,no title in response,2026-09-04
17023,13669,National Volunteer Incentive Scheme (Climate Army),2025-11-06,https://www.aph.gov.au/Parliamentary_Business/Tabled_Documents/13669,otd link,2026-09-04
17063,2017,"Report 3/2023 - Cocos (Keeling) Islands — West Island, Seawater Reverse Osmosis Plant Project and other works [May 2023]",2023-05-09,https://www.aph.gov.au/Parliamentary_Business/Tabled_Documents/2017,title search (0.85),2026-09-04
17097,,,,,not found,2026-09-04
17098,14664,"Review of the Exposure Draft legislation: Combatting Antisemitism, Hate and Extremism Bill 2026",2026-01-20,https://www.aph.gov.au/Parliamentary_Business/Tabled_Documents/14664,title search (1.00),2026-09-04
17099,,,,,not found,2026-09-04
17142,,,,,no title in response,2026-09-04
17143,,,,,no title in response,2026-09-04
17294,11743,"Secure Jobs, Better Pay Review (Final Report)",,https://www.aph.gov.au/Parliamentary_Business/Tabled_Documents/11743,otd link,2026-09-04
17307,5659,Help to Buy Bill 2023 [Provisions] and the Help to Buy Bill (Consequential Provisions) Bill 2023 [Provisions],2024-04-18,https://www.aph.gov.au/Parliamentary_Business/Tabled_Documents/5659,title search (1.00),2026-09-04
17354,15774,"Public Governance, Performance and Accountability Amendment (Ban Unethical Contractors) Bill 2025",2026-03-26,https://www.aph.gov.au/Parliamentary_Business/Tabled_Documents/15774,title search (1.00),2026-09-04
17400,,,,,not found,2026-09-04
17405,16072,Funding and Resourcing for the CSIRO,2026-04-28,https://www.aph.gov.au/Parliamentary_Business/Tabled_Documents/16072,title search (1.00),2026-09-04
17511,16170,Customs Legislation Amendment (False Trade Marks Infringement Notices) Bill 2026,2026-05-05,https://www.aph.gov.au/Parliamentary_Business/Tabled_Documents/16170,title search (1.00),2026-09-04
17516,14745,Inquiry into the Department of Defence Annual Report 2023–24,2026-01-29,https://www.aph.gov.au/Parliamentary_Business/Tabled_Documents/14745,by hand,2026-09-04
17526,14771,No child left behind: Report into the Thriving Kids initiative,2026-02-04,https://www.aph.gov.au/Parliamentary_Business/Tabled_Documents/14771,by hand,2026-09-04
17569,,,,,not found,2026-09-04
17576,10074,Final Report on the Cyclone Reinsurance Pool,2025-03-27,https://www.aph.gov.au/Parliamentary_Business/Tabled_Documents/10074,otd link,2026-09-04
17579,1645,Inquiry into the Cyclone Reinsurance Pool First report [March 2023],2023-03-30,https://www.aph.gov.au/Parliamentary_Business/Tabled_Documents/1645,otd link,2026-09-04
17616,15596,"Remuneration Tribunal Amendment (There For Public Service, Not Profit) Bill 2025",2026-03-18,https://www.aph.gov.au/Parliamentary_Business/Tabled_Documents/15596,title search (1.00),2026-09-04
17617,17039,Higher Education Support Amendment (Reverse Job-Ready Graduates Fee Hikes and End 50k Arts Degrees) Bill 2025,2026-06-25,https://www.aph.gov.au/Parliamentary_Business/Tabled_Documents/17039,title search (1.00),2026-09-04
17624,,,,,not found,2026-09-04
17689,6728,Australian Securities and Investments Commission investigation and enforcement,2024-07-03,https://www.aph.gov.au/Parliamentary_Business/Tabled_Documents/6728,otd link,2026-09-04
17691,8125,Future Made in Australia (Guarantee of Origin) Bill 2024 [Provisions] and related bills,2024-10-31,https://www.aph.gov.au/Parliamentary_Business/Tabled_Documents/8125,otd link,2026-09-04
