as_at,pdf,listed,answered,outstanding,being_considered
2022-06-30,presidents_2022-06-30.pdf,244,19,225,163
2022-12-31,presidents_2022-12-31.pdf,236,8,228,199
2023-06-30,presidents_2023-06-30.pdf,264,10,254,194
2023-12-31,presidents_2023-12-31.pdf,289,9,280,195
2024-06-30,presidents_2024-06-30.pdf,440,153,287,150
2024-12-31,presidents_2024-12-31.pdf,354,106,248,85
2025-06-30,presidents_2025-06-30.pdf,285,24,261,161
2025-12-31,presidents_2025-12-31.pdf,283,36,247,149
2026-06-30,presidents_2026-06-30.pdf,285,187,98,53
